date,open,high,low,close,adjusted_close,volume,dividend_amount,split_coefficient
2006-08-09,20.4,20.57,20.1,20.16,2.87999712,942100,0.0,1.0
2006-08-08,20.8,20.8,20.23,20.3,2.8999971,995400,0.0,1.0
2006-08-07,21.0,21.05,20.45,20.68,2.95428276,912000,0.0,1.0
2006-08-04,20.58,21.75,20.55,20.96,2.99428272,2484500,0.0,1.0
2006-08-03,20.75,20.75,20.1,20.39,2.91285423,1912200,0.0,1.0
2006-08-02,20.8,21.35,20.71,20.84,2.97713988,1603800,0.0,1.0
2006-08-01,20.74,21.07,20.31,20.5,2.9285685,1884200,0.0,1.0
2006-07-31,20.9,20.903,20.5,20.69,2.95571133,1198300,0.0,1.0
2006-07-28,20.22,21.18,20.19,20.85,2.97856845,1506300,0.0,1.0
2006-07-27,19.3,21.45,19.25,20.22,2.88856854,3214500,0.0,1.0
2006-07-26,19.15,19.2,18.91,19.03,2.71856871,3339800,0.0,1.0
2006-07-25,18.99,19.34,18.59,18.78,2.68285446,15231800,0.0,1.0
2006-07-24,23.07,23.85,22.38,23.76,3.39428232,3546500,0.0,1.0
2006-07-21,23.27,23.41,22.97,23.05,3.29285385,1169500,0.0,1.0
2006-07-20,23.71,24.11,23.29,23.35,3.33571095,1102700,0.0,1.0
2006-07-19,23.29,23.73,22.91,23.69,3.38428233,1467000,0.0,1.0
2006-07-18,23.78,23.87,22.8,23.4,3.3428538,2318800,0.0,1.0
2006-07-17,24.0,24.58,23.46,23.81,3.40142517,923600,0.0,1.0
2006-07-14,24.8,24.93,23.89,24.19,3.45571083,1225000,0.0,1.0
2006-07-13,24.36,25.35,24.3,24.9,3.5571393,1286400,0.0,1.0
2006-07-12,25.36,25.388,24.49,24.59,3.51285363,942800,0.0,1.0
2006-07-11,26.23,26.43,24.87,25.33,3.61856781,2782200,0.0,1.0
2006-07-10,26.76,26.79,26.17,26.45,3.77856765,446800,0.0,1.0
2006-07-07,26.57,26.92,26.0,26.65,3.80713905,722300,0.0,1.0
2006-07-06,26.57,26.87,26.45,26.62,3.80285334,468000,0.0,1.0
2006-07-05,26.98,27.09,26.43,26.64,3.80571048,684800,0.0,1.0
2006-07-03,27.36,27.56,27.05,27.24,3.89142468,390200,0.0,1.0
2006-06-30,27.25,27.52,26.5,27.21,3.88713897,1009500,0.0,1.0
2006-06-29,26.6,27.26,26.59,27.16,3.87999612,784500,0.0,1.0
2006-06-28,27.12,27.129,26.27,26.56,3.79428192,802700,0.0,1.0
2006-06-27,27.76,27.82,26.87,26.91,3.84428187,745300,0.0,1.0
2006-06-26,27.47,28.05,27.47,27.7,3.9571389,572300,0.0,1.0
2006-06-23,27.51,27.7199,27.25,27.34,3.90571038,540100,0.0,1.0
2006-06-22,28.05,28.49,27.27,27.67,3.95285319,1408500,0.0,1.0
2006-06-21,27.22,27.28,26.54,27.17,3.88142469,1453300,0.0,1.0
2006-06-20,27.64,27.74,26.79,27.08,3.86856756,2353800,0.0,1.0
2006-06-19,27.34,28.17,27.06,28.015,4.002138855,1226500,0.0,1.0
2006-06-16,27.66,27.72,26.93,27.12,3.87428184,1223100,0.0,1.0
2006-06-15,28.02,28.44,27.17,27.7,3.9571389,1246000,0.0,1.0
2006-06-14,27.7,28.2,27.35,27.99,3.99856743,887500,0.0,1.0
2006-06-13,26.9,28.0,26.9,27.54,3.93428178,1547300,0.0,1.0
2006-06-12,27.22,27.55,26.67,27.08,3.86856756,1072900,0.0,1.0
2006-06-09,27.83,27.85,27.1,27.49,3.92713893,1209000,0.0,1.0
2006-06-08,26.17,27.9,25.8,27.78,3.96856746,2426700,0.0,1.0
2006-06-07,26.89,27.23,26.26,26.4,3.7714248,1382400,0.0,1.0
2006-06-06,27.39,27.39,26.6,26.89,3.84142473,1230800,0.0,1.0
2006-06-05,27.77,28.27,27.0,27.28,3.89713896,891800,0.0,1.0
2006-06-02,28.5,28.76,27.8,27.95,3.99285315,554200,0.0,1.0
2006-06-01,27.62,28.51,27.62,28.51,4.07285307,600500,0.0,1.0
2006-05-31,27.68,28.37,27.48,27.69,3.95571033,1190200,0.0,1.0
2006-05-30,28.68,28.99,27.5,27.5,3.9285675,775300,0.0,1.0
2006-05-26,28.8,29.1,28.43,28.83,4.11856731,542500,0.0,1.0
2006-05-25,27.95,28.75,27.93,28.75,4.10713875,779400,0.0,1.0
2006-05-24,27.8,28.2,26.82,27.94,3.99142458,1022200,0.0,1.0
2006-05-23,28.24,28.92,27.71,27.93,3.98999601,870700,0.0,1.0
2006-05-22,27.74,28.21,27.4,28.0,3.999996,1036700,0.0,1.0
2006-05-19,27.65,28.41,27.642,27.87,3.98142459,768900,0.0,1.0
2006-05-18,28.04,28.71,27.69,27.71,3.95856747,656100,0.0,1.0
2006-05-17,28.71,28.81,28.06,28.09,4.01285313,885100,0.0,1.0
2006-05-16,28.5,29.36,28.41,28.66,4.09428162,912900,0.0,1.0
2006-05-15,29.35,29.67,28.03,28.45,4.06428165,1016400,0.0,1.0
2006-05-12,29.6,29.75,29.02,29.59,4.22713863,922300,0.0,1.0
2006-05-11,30.82,31.02,29.51,29.76,4.25142432,1521900,0.0,1.0
2006-05-10,30.73,31.32,30.35,30.91,4.41570987,909300,0.0,1.0
2006-05-09,31.21,32.18,30.6,30.72,4.38856704,2255600,0.0,1.0
2006-05-08,30.29,30.43,29.9,30.0,4.28571,655300,0.0,1.0
2006-05-05,29.94,30.43,29.88,30.3,4.3285671,695500,0.0,1.0
2006-05-04,29.61,30.05,29.56,29.99,4.28428143,469700,0.0,1.0
2006-05-03,30.24,30.25,29.61,29.71,4.24428147,1194400,0.0,1.0
2006-05-02,29.6,30.38,29.51,30.2,4.3142814,1346300,0.0,1.0
2006-05-01,29.88,30.1,29.55,29.6,4.2285672,1441900,0.0,1.0
2006-04-28,29.95,30.79,29.6,29.64,4.23428148,2196000,0.0,1.0
2006-04-27,31.5,32.3,31.09,31.29,4.46999553,930900,0.0,1.0
2006-04-26,31.63,32.0,30.96,31.48,4.49713836,2067800,0.0,1.0
2006-04-25,33.01,33.12,31.2,31.68,4.52570976,3948700,0.0,1.0
2006-04-24,30.78,31.73,30.11,31.24,4.46285268,4434600,0.0,1.0
2006-04-21,31.29,31.29,30.39,30.8,4.3999956,1316900,0.0,1.0
2006-04-20,31.03,31.3,30.03,31.11,4.44428127,1269000,0.0,1.0
2006-04-19,29.77,31.75,29.3,31.08,4.43999556,2741000,0.0,1.0
2006-04-18,29.26,29.87,28.89,29.8,4.2571386,1209500,0.0,1.0
2006-04-17,29.0,29.2,28.75,29.2,4.1714244,768800,0.0,1.0
2006-04-13,28.58,29.26,28.55,29.19,4.16999583,725200,0.0,1.0
2006-04-12,28.67,29.09,28.35,28.72,4.10285304,979900,0.0,1.0
2006-04-11,28.4,28.62,27.84,28.52,4.07428164,1178800,0.0,1.0
2006-04-10,27.9,28.62,27.76,28.25,4.03571025,737900,0.0,1.0
2006-04-07,28.25,29.12,27.66,27.94,3.99142458,710400,0.0,1.0
2006-04-06,28.58,28.62,27.95,28.25,4.03571025,918900,0.0,1.0
2006-04-05,26.95,28.9,26.87,28.66,4.09428162,2012300,0.0,1.0
2006-04-04,28.05,28.15,27.26,27.41,3.91571037,1712300,0.0,1.0
2006-04-03,28.99,29.04,27.98,28.13,4.01856741,1217400,0.0,1.0
2006-03-31,28.5,29.11,28.5,28.99,4.14142443,559300,0.0,1.0
2006-03-30,29.11,29.35,28.11,28.64,4.09142448,928500,0.0,1.0
2006-03-29,28.13,29.4,27.95,29.21,4.17285297,1139800,0.0,1.0
2006-03-28,28.99,29.0,27.55,28.03,4.00428171,1201100,0.0,1.0
2006-03-27,28.39,29.1,28.26,28.89,4.12713873,759800,0.0,1.0
2006-03-24,28.17,28.7,28.03,28.67,4.09571019,495400,0.0,1.0
2006-03-23,28.0,28.65,27.5,28.29,4.04142453,1005900,0.0,1.0
2006-03-22,27.07,28.15,27.05,28.05,4.00713885,1026000,0.0,1.0
2006-03-21,27.25,27.75,26.95,27.17,3.88142469,808800,0.0,1.0
2006-03-20,26.35,27.65,26.3,27.08,3.86856756,1292200,0.0,1.0
2006-03-17,25.52,26.44,25.13,26.17,3.73856769,1399100,0.0,1.0
2006-03-16,25.05,25.65,25.03,25.47,3.63856779,495900,0.0,1.0
2006-03-15,25.22,25.33,24.9,25.11,3.58713927,525000,0.0,1.0
2006-03-14,25.05,25.61,24.88,25.42,3.63142494,543600,0.0,1.0
2006-03-13,25.22,25.46,25.021,25.1,3.5857107,904800,0.0,1.0
2006-03-10,25.11,25.8,24.65,25.55,3.64999635,1006800,0.0,1.0
2006-03-09,25.11,25.77,25.06,25.25,3.60713925,730000,0.0,1.0
2006-03-08,25.5,25.54,25.01,25.13,3.58999641,656900,0.0,1.0
2006-03-07,25.47,25.86,24.91,25.46,3.63713922,863600,0.0,1.0
2006-03-06,26.88,26.88,25.3,25.62,3.65999634,1390700,0.0,1.0
2006-03-03,26.6,26.97,26.52,26.76,3.82285332,574100,0.0,1.0
2006-03-02,26.65,27.12,26.38,26.81,3.82999617,585400,0.0,1.0
2006-03-01,26.81,26.92,25.99,26.85,3.83571045,855800,0.0,1.0
2006-02-28,26.53,26.88,25.55,26.81,3.82999617,1067000,0.0,1.0
2006-02-27,26.24,26.54,26.16,26.53,3.78999621,797800,0.0,1.0
2006-02-24,25.65,26.12,25.5,25.98,3.71142486,599900,0.0,1.0
2006-02-23,26.28,26.28,25.2,25.71,3.67285347,1242200,0.0,1.0
2006-02-22,25.75,26.55,25.7,26.37,3.76713909,1161700,0.0,1.0
2006-02-21,25.2,25.74,25.07,25.74,3.67713918,1146300,0.0,1.0
2006-02-17,25.24,25.25,24.94,24.98,3.56856786,634300,0.0,1.0
2006-02-16,24.88,25.42,24.88,25.15,3.59285355,690800,0.0,1.0
2006-02-15,24.78,25.25,24.45,24.95,3.56428215,1369100,0.0,1.0
2006-02-14,25.0,25.1,23.99,24.59,3.51285363,1627200,0.0,1.0
2006-02-13,25.46,25.47,25.0,25.23,3.60428211,1102100,0.0,1.0
2006-02-10,24.65,25.74,24.39,25.43,3.63285351,1489100,0.0,1.0
2006-02-09,25.01,25.272,24.46,24.58,3.51142506,1469000,0.0,1.0
2006-02-08,25.87,26.03,25.01,25.14,3.59142498,1728300,0.0,1.0
2006-02-07,26.39,26.46,25.75,25.92,3.70285344,1062500,0.0,1.0
2006-02-06,26.05,26.29,25.68,26.28,3.75428196,1281700,0.0,1.0
2006-02-03,26.0,26.27,25.35,26.11,3.72999627,1314700,0.0,1.0
2006-02-02,27.04,27.45,25.72,26.1,3.7285677,2645400,0.0,1.0
2006-02-01,27.43,27.5,26.5,27.11,3.87285327,1606500,0.0,1.0
2006-01-31,27.4,27.99,27.19,27.55,3.93571035,1973400,0.0,1.0
2006-01-30,28.03,28.1,27.39,27.6,3.9428532,2099700,0.0,1.0
2006-01-27,28.5,28.6,27.27,27.82,3.97428174,2972000,0.0,1.0
2006-01-26,28.51,29.05,28.5,29.0,4.142853,2503200,0.0,1.0
2006-01-25,28.58,29.92,27.98,28.59,4.08428163,10339000,0.0,1.0
2006-01-24,23.435,24.75,23.435,24.74,3.53428218,5399500,0.0,1.0
2006-01-23,23.6,24.04,23.09,23.28,3.32571096,1294000,0.0,1.0
2006-01-20,24.85,25.4,23.47,23.47,3.35285379,1949300,0.0,1.0
2006-01-19,24.84,25.73,24.76,25.42,3.63142494,1198600,0.0,1.0
2006-01-18,25.51,25.61,24.72,24.85,3.54999645,820700,0.0,1.0
2006-01-17,25.31,25.9,24.92,25.76,3.67999632,1056600,0.0,1.0
2006-01-13,25.625,25.88,25.44,25.56,3.65142492,857800,0.0,1.0
2006-01-12,24.78,25.83,24.6,25.72,3.67428204,1632700,0.0,1.0
2006-01-11,25.35,25.85,24.75,24.85,3.54999645,1249700,0.0,1.0
2006-01-10,24.895,25.45,24.82,25.43,3.63285351,1127700,0.0,1.0
2006-01-09,25.005,25.25,24.5,25.0,3.571425,1154500,0.0,1.0
2006-01-06,24.915,25.54,24.83,25.03,3.57571071,1219900,0.0,1.0
2006-01-05,24.87,25.05,24.75,24.93,3.56142501,1160500,0.0,1.0
2006-01-04,25.5,25.76,24.62,25.0,3.571425,2278600,0.0,1.0
2006-01-03,27.055,27.12,25.12,26.05,3.72142485,2237100,0.0,1.0
2005-12-30,27.07,27.3,26.95,27.06,3.86571042,490800,0.0,1.0
2005-12-29,27.18,27.36,26.94,27.25,3.89285325,517400,0.0,1.0
2005-12-28,27.03,27.58,27.02,27.2,3.8857104,596300,0.0,1.0
2005-12-27,27.79,27.8,26.63,26.98,3.85428186,949500,0.0,1.0
2005-12-23,27.55,27.77,27.41,27.73,3.96142461,468200,0.0,1.0
2005-12-22,27.62,27.75,27.13,27.6,3.9428532,997600,0.0,1.0
2005-12-21,26.435,27.56,26.18,27.39,3.91285323,3267600,0.0,1.0
2005-12-20,25.6,25.77,24.97,25.11,3.58713927,819400,0.0,1.0
2005-12-19,26.37,26.37,25.5,25.62,3.65999634,1457900,0.0,1.0
2005-12-16,26.145,27.04,26.02,26.3,3.7571391,2797000,0.0,1.0
2005-12-15,25.0,25.97,24.32,25.94,3.70571058,3123200,0.0,1.0
2005-12-14,24.18,24.6,22.54,24.43,3.48999651,3857500,0.0,1.0
2005-12-13,24.45,24.99,23.91,24.05,3.43571085,1878100,0.0,1.0
2005-12-12,25.75,25.84,24.09,25.1,3.5857107,3168000,0.0,1.0
2005-12-09,27.28,27.55,25.58,25.74,3.67713918,1851000,0.0,1.0
2005-12-08,27.24,27.55,27.23,27.5,3.9285675,437400,0.0,1.0
2005-12-07,27.73,28.05,27.2,27.38,3.91142466,552700,0.0,1.0
2005-12-06,27.7,28.07,27.613,27.75,3.96428175,580400,0.0,1.0
2005-12-05,27.5,27.93,27.35,27.7,3.9571389,590100,0.0,1.0
2005-12-02,27.02,27.78,27.0,27.69,3.95571033,800200,0.0,1.0
2005-12-01,27.745,27.84,27.05,27.11,3.87285327,653800,0.0,1.0
2005-11-30,27.03,27.9,26.94,27.54,3.93428178,868500,0.0,1.0
2005-11-29,27.52,28.0,26.71,27.0,3.857139,919600,0.0,1.0
2005-11-28,28.5,28.6,27.5,27.58,3.93999606,1510400,0.0,1.0
2005-11-25,29.02,29.29,28.89,29.25,4.17856725,213400,0.0,1.0
2005-11-23,29.02,29.56,28.9701,29.02,4.14571014,889700,0.0,1.0
2005-11-22,28.46,29.49,28.45,29.2,4.1714244,704900,0.0,1.0
2005-11-21,28.28,28.9605,27.8,28.71,4.10142447,868100,0.0,1.0
2005-11-18,28.99,29.25,27.7,28.42,4.05999594,1238400,0.0,1.0
2005-11-17,27.85,28.85,27.79,28.75,4.10713875,978600,0.0,1.0
2005-11-16,28.03,28.34,27.23,27.74,3.96285318,1185700,0.0,1.0
2005-11-15,28.95,29.0,27.86,27.95,3.99285315,1245700,0.0,1.0
2005-11-14,30.1,30.1,28.81,29.02,4.14571014,882500,0.0,1.0
2005-11-11,29.48,30.08,28.98,30.07,4.29570999,1252200,0.0,1.0
2005-11-10,29.5,30.25,29.34,29.55,4.22142435,3581400,0.0,1.0
2005-11-09,28.6,28.7,27.83,28.15,4.02142455,1088200,0.0,1.0
2005-11-08,28.0,29.3,27.95,28.56,4.07999592,2255800,0.0,1.0
2005-11-07,27.69,27.93,27.47,27.81,3.97285317,694400,0.0,1.0
2005-11-04,27.1,27.75,26.92,27.59,3.94142463,1003400,0.0,1.0
2005-11-03,27.39,28.16,26.33,27.08,3.86856756,4203600,0.0,1.0
2005-11-02,25.43,27.33,25.43,27.12,3.87428184,1812300,0.0,1.0
2005-11-01,26.04,26.5,25.61,25.68,3.66856776,1030500,0.0,1.0
2005-10-31,25.75,26.63,25.6,26.41,3.77285337,1386500,0.0,1.0
2005-10-28,26.13,26.51,25.41,26.28,3.75428196,1581000,0.0,1.0
2005-10-27,25.72,26.2,24.73,25.9,3.6999963,2827200,0.0,1.0
2005-10-26,27.2,27.4,23.81,24.98,3.56856786,3486500,0.0,1.0
2005-10-25,26.895,27.62,26.78,27.41,3.91571037,1022000,0.0,1.0
2005-10-24,26.48,27.25,26.25,26.97,3.85285329,1941200,0.0,1.0
2005-10-21,25.91,26.56,25.9,26.15,3.73571055,1827000,0.0,1.0
2005-10-20,27.25,27.7,25.58,25.63,3.66142491,3288300,0.0,1.0
2005-10-19,27.11,28.5,26.66,28.35,4.04999595,1781100,0.0,1.0
2005-10-18,29.2,29.49,27.37,27.45,3.92142465,1539000,0.0,1.0
2005-10-17,28.8,29.2,28.25,29.1,4.1571387,842000,0.0,1.0
2005-10-14,28.4,28.78,27.4,28.76,4.10856732,889700,0.0,1.0
2005-10-13,27.54,28.0,26.84,27.9,3.9857103,1088900,0.0,1.0
2005-10-12,28.17,28.75,27.02,27.51,3.92999607,1148500,0.0,1.0
2005-10-11,29.0,29.25,27.76,28.21,4.02999597,1884400,0.0,1.0
2005-10-10,27.4,28.99,27.32,28.69,4.09856733,2452600,0.0,1.0
2005-10-07,26.11,27.8,25.94,27.25,3.89285325,1970300,0.0,1.0
2005-10-06,25.8,26.238,25.36,25.68,3.66856776,903600,0.0,1.0
2005-10-05,26.72,26.75,25.87,25.99,3.71285343,1533300,0.0,1.0
2005-10-04,27.06,27.94,26.87,26.99,3.85571043,2122500,0.0,1.0
2005-10-03,25.98,26.77,25.95,26.64,3.80571048,1308000,0.0,1.0
2005-09-30,24.58,26.65,24.41,25.99,3.71285343,3568500,0.0,1.0
2005-09-29,24.67,24.94,24.33,24.4,3.4857108,1400500,0.0,1.0
2005-09-28,24.54,24.61,24.07,24.24,3.46285368,636900,0.0,1.0
2005-09-27,24.99,25.04,24.3,24.3,3.4714251,1595400,0.0,1.0
2005-09-26,24.12,24.18,23.45,23.97,3.42428229,1004600,0.0,1.0
2005-09-23,23.66,24.42,23.09,24.17,3.45285369,863400,0.0,1.0
2005-09-22,22.6,23.75,22.5,23.62,3.37428234,647700,0.0,1.0
2005-09-21,23.2,23.44,22.53,22.67,3.23856819,794700,0.0,1.0
2005-09-20,23.32,23.92,22.94,23.18,3.31142526,855300,0.0,1.0
2005-09-19,24.35,24.37,23.0,23.27,3.32428239,1242200,0.0,1.0
2005-09-16,23.52,24.26,23.47,24.2,3.4571394,942400,0.0,1.0
2005-09-15,23.68,23.93,23.15,23.42,3.34571094,1017300,0.0,1.0
2005-09-14,24.4,24.46,23.57,23.67,3.38142519,1311800,0.0,1.0
2005-09-13,25.31,25.4,24.3,24.37,3.48142509,1299900,0.0,1.0
2005-09-12,25.18,25.48,24.52,25.21,3.60142497,1289400,0.0,1.0
2005-09-09,24.32,25.05,24.101,24.97,3.56713929,1940900,0.0,1.0
2005-09-08,22.66,24.36,22.51,24.09,3.44142513,3110100,0.0,1.0
2005-09-07,22.75,22.98,22.43,22.59,3.22713963,1162300,0.0,1.0
2005-09-06,21.54,22.92,21.45,22.76,3.25142532,1136700,0.0,1.0
2005-09-02,21.89,21.91,21.25,21.54,3.07713978,641400,0.0,1.0
2005-09-01,21.56,21.75,21.41,21.45,3.06428265,701500,0.0,1.0
2005-08-31,21.46,21.64,21.1,21.56,3.07999692,758300,0.0,1.0
2005-08-30,21.92,21.94,21.22,21.4,3.0571398,623600,0.0,1.0
2005-08-29,21.05,21.98,21.0,21.94,3.13428258,764100,0.0,1.0
2005-08-26,20.93,21.45,20.91,21.19,3.02713983,543000,0.0,1.0
2005-08-25,21.06,21.45,21.03,21.06,3.00856842,284200,0.0,1.0
2005-08-24,20.95,21.71,20.86,21.04,3.00571128,757400,0.0,1.0
2005-08-23,21.36,21.5,20.64,21.1,3.0142827,541900,0.0,1.0
2005-08-22,21.49,21.79,21.15,21.45,3.06428265,594900,0.0,1.0
2005-08-19,21.41,21.52,21.0,21.38,3.05428266,763900,0.0,1.0
2005-08-18,21.79,21.8,20.9,21.41,3.05856837,1092700,0.0,1.0
2005-08-17,22.3,22.54,21.83,21.89,3.12713973,713900,0.0,1.0
2005-08-16,22.04,22.74,21.91,22.24,3.17713968,1597800,0.0,1.0
2005-08-15,21.87,22.46,21.85,21.97,3.13856829,1134400,0.0,1.0
2005-08-12,20.75,22.5082,20.74,22.1,3.1571397,2109200,0.0,1.0
2005-08-11,20.9,21.18,20.45,21.0,2.999997,897500,0.0,1.0
2005-08-10,21.36,21.75,20.63,20.87,2.98142559,1459600,0.0,1.0
2005-08-09,22.1,22.55,21.26,21.34,3.04856838,4653700,0.0,1.0
2005-08-08,21.11,21.92,21.02,21.76,3.10856832,2268100,0.0,1.0
2005-08-05,20.65,21.05,20.54,20.97,2.99571129,1148100,0.0,1.0
2005-08-04,21.0,21.37,20.53,20.64,2.94856848,1976800,0.0,1.0
2005-08-03,19.57,21.17,19.57,20.89,2.98428273,3340400,0.0,1.0
2005-08-02,19.4,19.94,19.14,19.57,2.79571149,2516400,0.0,1.0
2005-08-01,18.56,19.34,18.25,19.34,2.76285438,3211700,0.0,1.0
2005-07-29,19.04,19.23,18.54,18.56,2.65142592,990000,0.0,1.0
2005-07-28,19.6,19.62,18.74,18.91,2.70142587,1601700,0.0,1.0
2005-07-27,18.96,19.58,18.72,19.52,2.78856864,1940700,0.0,1.0
2005-07-26,20.02,20.8,19.0,19.01,2.71571157,11821000,0.0,1.0
2005-07-25,16.4,17.58,16.4,16.96,2.42285472,5226800,0.0,1.0
2005-07-22,16.75,16.95,16.25,16.4,2.3428548,612000,0.0,1.0
2005-07-21,16.89,17.01,16.55,16.65,2.37856905,559500,0.0,1.0
2005-07-20,16.21,16.99,16.2,16.89,2.41285473,632900,0.0,1.0
2005-07-19,16.34,16.49,16.17,16.39,2.34142623,557000,0.0,1.0
2005-07-18,16.07,16.49,16.06,16.28,2.32571196,661200,0.0,1.0
2005-07-15,16.43,16.58,16.0,16.4,2.3428548,707500,0.0,1.0
2005-07-14,16.59,16.7,16.24,16.5,2.3571405,795300,0.0,1.0
2005-07-13,16.95,16.95,16.37,16.53,2.36142621,476000,0.0,1.0
2005-07-12,17.2,17.2,16.73,16.85,2.40714045,568900,0.0,1.0
2005-07-11,16.81,17.5,16.81,17.21,2.45856897,1118000,0.0,1.0
2005-07-08,17.0,17.02,16.65,16.71,2.38714047,676200,0.0,1.0
2005-07-07,16.41,17.26,16.24,16.93,2.41856901,892700,0.0,1.0
2005-07-06,16.38,17.04,16.25,16.73,2.38999761,784800,0.0,1.0
2005-07-05,16.36,16.54,16.07,16.44,2.34856908,540100,0.0,1.0
2005-07-01,16.4,16.68,16.35,16.55,2.36428335,291500,0.0,1.0
2005-06-30,16.31,16.68,16.27,16.41,2.34428337,669200,0.0,1.0
2005-06-29,16.1,16.58,16.02,16.34,2.33428338,577500,0.0,1.0
2005-06-28,16.31,16.59,15.95,16.08,2.29714056,884100,0.0,1.0
2005-06-27,15.85,16.46,15.65,15.99,2.28428343,1985900,0.0,1.0
2005-06-24,16.0,16.08,14.75,15.77,2.25285489,2386700,0.0,1.0
2005-06-23,16.47,16.69,15.99,16.05,2.29285485,711600,0.0,1.0
2005-06-22,16.29,16.9,16.18,16.52,2.35999764,976500,0.0,1.0
2005-06-21,17.08,17.33,16.5,16.66,2.37999762,530200,0.0,1.0
2005-06-20,17.0,17.22,16.8,17.19,2.45571183,608100,0.0,1.0
2005-06-17,17.65,17.79,17.1001,17.22,2.45999754,1013200,0.0,1.0
2005-06-16,17.2,17.84,17.1,17.63,2.51856891,2178800,0.0,1.0
2005-06-15,16.98,17.17,16.72,17.15,2.44999755,734900,0.0,1.0
2005-06-14,16.51,17.06,16.4,17.0,2.428569,700600,0.0,1.0
2005-06-13,16.7,17.35,16.2,16.66,2.37999762,1917500,0.0,1.0
2005-06-10,15.65,17.09,15.5,16.91,2.41571187,2807400,0.0,1.0
2005-06-09,15.05,15.67,14.65,15.65,2.23571205,1149000,0.0,1.0
2005-06-08,15.06,15.15,14.75,14.86,2.12285502,528800,0.0,1.0
2005-06-07,15.3,15.68,14.9,15.0,2.142855,1093900,0.0,1.0
2005-06-06,14.55,15.3,14.4,15.22,2.17428354,925300,0.0,1.0
2005-06-03,15.05,15.14,14.55,14.67,2.09571219,997300,0.0,1.0
2005-06-02,14.43,15.05,14.38,14.88,2.12571216,1238100,0.0,1.0
2005-06-01,14.2,14.73,14.2,14.5,2.0714265,607200,0.0,1.0
2005-05-31,14.54,14.64,13.97,14.29,2.04142653,771700,0.0,1.0
2005-05-27,14.71,14.89,14.49,14.55,2.07856935,622700,0.0,1.0
2005-05-26,14.65,14.65,14.26,14.64,2.09142648,882800,0.0,1.0
2005-05-25,14.35,14.83,14.15,14.54,2.07714078,1720500,0.0,1.0
2005-05-24,15.41,15.49,14.349,14.44,2.06285508,3038200,0.0,1.0
2005-05-23,15.79,16.03,15.37,15.55,2.22142635,1902600,0.0,1.0
2005-05-20,16.06,16.25,15.45,15.93,2.27571201,3058400,0.0,1.0
2005-05-19,18.92,19.27,15.83,16.13,2.30428341,21382800,0.0,1.0
2005-05-18,14.46,15.66,14.31,15.5,2.2142835,2334300,0.0,1.0
2005-05-17,14.695,14.7,13.65,14.48,2.06856936,2341700,0.0,1.0
2005-05-16,14.48,15.02,14.31,14.85,2.12142645,3002100,0.0,1.0
2005-05-13,13.69,14.6,13.61,14.28,2.03999796,3280600,0.0,1.0
2005-05-12,13.0,14.39,12.48,13.83,1.97571231,6410900,0.0,1.0
2005-05-11,11.55,13.01,11.54,12.95,1.84999815,3777500,0.0,1.0
2005-05-10,11.52,11.69,11.52,11.58,1.65428406,605200,0.0,1.0
2005-05-09,11.5,11.75,11.45,11.61,1.65856977,322900,0.0,1.0
2005-05-06,11.45,11.6,11.4,11.57,1.65285549,409200,0.0,1.0
2005-05-05,11.54,12.0,11.33,11.44,1.63428408,957800,0.0,1.0
2005-05-04,11.62,11.89,11.4,11.6,1.6571412,815100,0.0,1.0
2005-05-03,11.45,11.69,11.45,11.54,1.64856978,459700,0.0,1.0
2005-05-02,11.53,11.64,11.32,11.57,1.65285549,431400,0.0,1.0
2005-04-29,11.57,11.74,11.45,11.55,1.64999835,643600,0.0,1.0
2005-04-28,11.31,11.58,11.27,11.51,1.64428407,457200,0.0,1.0
2005-04-27,11.27,11.7,11.27,11.5,1.6428555,617000,0.0,1.0
2005-04-26,11.45,11.54,11.29,11.3,1.6142841,603000,0.0,1.0
2005-04-25,11.3,11.5,11.1,11.5,1.6428555,1207800,0.0,1.0
2005-04-22,11.36,11.43,11.03,11.2,1.5999984,2427600,0.0,1.0
2005-04-21,11.75,12.22,11.5,12.05,1.72142685,2430400,0.0,1.0
2005-04-20,11.6,11.65,11.15,11.45,1.63571265,787600,0.0,1.0
2005-04-19,11.39,11.67,11.04,11.62,1.65999834,661400,0.0,1.0
2005-04-18,11.79,11.89,10.88,11.33,1.61856981,949700,0.0,1.0
2005-04-15,12.58,13.0,11.55,11.69,1.66999833,2095800,0.0,1.0
2005-04-14,12.23,12.23,11.78,11.98,1.71142686,876800,0.0,1.0
2005-04-13,11.73,12.35,11.7,12.11,1.72999827,1364900,0.0,1.0
2005-04-12,11.71,11.9,11.63,11.67,1.66714119,592400,0.0,1.0
2005-04-11,12.04,12.04,11.5,11.89,1.69856973,1072600,0.0,1.0
2005-04-08,11.38,12.17,11.38,12.01,1.71571257,3469300,0.0,1.0
2005-04-07,11.04,11.37,10.931,11.24,1.60571268,1068200,0.0,1.0
2005-04-06,10.93,11.2,10.8,11.1,1.5857127,1294100,0.0,1.0
2005-04-05,10.52,10.92,10.51,10.82,1.54571274,659100,0.0,1.0
2005-04-04,10.96,11.0,10.61,10.96,1.56571272,890400,0.0,1.0
2005-04-01,10.9,11.0,10.75,10.83,1.54714131,1453600,0.0,1.0
2005-03-31,10.26,10.85,10.25,10.85,1.54999845,1952200,0.0,1.0
2005-03-30,10.13,10.31,9.9,10.25,1.46428425,805800,0.0,1.0
2005-03-29,9.83,10.37,9.75,10.1,1.4428557,1451100,0.0,1.0
2005-03-28,9.65,9.93,9.5,9.78,1.39714146,1787900,0.0,1.0
2005-03-24,9.11,9.22,8.91,9.03,1.28999871,968000,0.0,1.0
2005-03-23,9.1,9.25,9.05,9.19,1.31285583,837500,0.0,1.0
2005-03-22,9.35,9.39,9.15,9.15,1.30714155,613900,0.0,1.0
2005-03-21,9.25,9.5,9.16,9.31,1.32999867,884900,0.0,1.0
2005-03-18,9.25,9.25,9.15,9.2,1.3142844,997600,0.0,1.0
2005-03-17,9.22,9.24,9.15,9.2,1.3142844,650700,0.0,1.0
2005-03-16,9.11,9.32,9.1,9.17,1.30999869,1037200,0.0,1.0
2005-03-15,9.47,9.62,9.12,9.2,1.3142844,1505100,0.0,1.0
2005-03-14,9.42,9.75,9.4,9.5,1.3571415,884400,0.0,1.0
2005-03-11,9.99,9.999,9.37,9.43,1.34714151,1364300,0.0,1.0
2005-03-10,9.97,10.099,9.86,9.89,1.41285573,736200,0.0,1.0
2005-03-09,10.1,10.24,9.72,10.01,1.42999857,1388800,0.0,1.0
2005-03-08,10.58,10.62,10.06,10.12,1.44571284,1096900,0.0,1.0
2005-03-07,10.69,10.82,10.5,10.59,1.51285563,605500,0.0,1.0
2005-03-04,10.6,10.81,10.5,10.7,1.5285699,785700,0.0,1.0
2005-03-03,10.69,10.89,10.5,10.56,1.50856992,1047400,0.0,1.0
2005-03-02,10.8,11.05,10.6,10.68,1.52571276,2058800,0.0,1.0
2005-03-01,10.7,10.95,10.61,10.79,1.54142703,636000,0.0,1.0
2005-02-28,11.08,11.1,10.5,10.7,1.5285699,944000,0.0,1.0
2005-02-25,10.69,11.08,10.65,10.99,1.56999843,4209900,0.0,1.0
2005-02-24,10.15,10.47,10.01,10.4,1.4857128,758800,0.0,1.0
2005-02-23,10.27,10.38,10.11,10.19,1.45571283,636800,0.0,1.0
2005-02-22,10.6,10.75,10.15,10.21,1.45856997,927700,0.0,1.0
2005-02-18,10.5,10.75,10.43,10.67,1.52428419,1347600,0.0,1.0
2005-02-17,11.08,11.08,10.44,10.5,1.4999985,1278200,0.0,1.0
2005-02-16,11.17,11.24,10.86,10.95,1.56428415,800700,0.0,1.0
2005-02-15,11.25,11.5,11.09,11.25,1.60714125,1130000,0.0,1.0
2005-02-14,11.14,11.35,11.11,11.16,1.59428412,639000,0.0,1.0
2005-02-11,11.33,11.39,11.08,11.15,1.59285555,1177400,0.0,1.0
2005-02-10,11.44,11.6,11.25,11.33,1.61856981,902000,0.0,1.0
2005-02-09,11.55,11.62,11.14,11.47,1.63856979,779100,0.0,1.0
2005-02-08,11.51,11.76,11.41,11.5,1.6428555,934400,0.0,1.0
2005-02-07,11.93,12.09,11.53,11.53,1.64714121,1079500,0.0,1.0
2005-02-04,11.94,12.2,11.72,12.02,1.71714114,1024400,0.0,1.0
2005-02-03,11.35,11.99,11.34,11.9,1.6999983,2659000,0.0,1.0
2005-02-02,11.42,11.55,11.2,11.22,1.60285554,680000,0.0,1.0
2005-02-01,11.42,11.65,11.39,11.48,1.63999836,677700,0.0,1.0
2005-01-31,11.34,11.58,11.25,11.5,1.6428555,897000,0.0,1.0
2005-01-28,11.22,11.7,11.13,11.44,1.63428408,1337500,0.0,1.0
2005-01-27,10.97,11.41,10.91,11.21,1.60142697,987800,0.0,1.0
2005-01-26,11.1,11.49,10.77,11.03,1.57571271,2634600,0.0,1.0
2005-01-25,12.681,13.12,11.29,11.33,1.61856981,9550200,0.0,1.0
2005-01-24,11.01,11.36,10.84,11.14,1.59142698,3101700,0.0,1.0
2005-01-21,11.01,11.24,10.99,11.04,1.57714128,633600,0.0,1.0
2005-01-20,11.12,11.231,10.92,11.09,1.58428413,1093400,0.0,1.0
2005-01-19,11.36,11.36,10.92,11.07,1.58142699,1750200,0.0,1.0
2005-01-18,11.44,11.47,10.94,11.3,1.6142841,1483800,0.0,1.0
2005-01-14,11.14,11.44,10.78,11.33,1.61856981,2071800,0.0,1.0
2005-01-13,10.95,11.05,10.74,10.86,1.55142702,1369400,0.0,1.0
2005-01-12,11.19,11.3,10.53,10.75,1.53571275,1778000,0.0,1.0
2005-01-11,11.4,11.44,11.01,11.01,1.57285557,1120300,0.0,1.0
2005-01-10,11.1,11.74,11.1,11.27,1.60999839,1419200,0.0,1.0
2005-01-07,11.11,11.55,11.0,11.12,1.58856984,1070100,0.0,1.0
2005-01-06,11.2,11.37,11.01,11.05,1.57856985,1181900,0.0,1.0
2005-01-05,11.74,11.74,11.09,11.2,1.5999984,1818900,0.0,1.0
2005-01-04,11.92,11.95,11.25,11.66,1.66571262,2478900,0.0,1.0
2005-01-03,12.48,12.6,11.52,11.92,1.70285544,1619200,0.0,1.0
2004-12-31,12.81,12.81,12.23,12.33,1.76142681,1404400,0.0,1.0
2004-12-30,12.71,13.0,12.49,12.68,1.81142676,1489100,0.0,1.0
2004-12-29,12.5,12.75,12.18,12.63,1.80428391,2314500,0.0,1.0
2004-12-28,11.62,12.25,11.47,12.1,1.7285697,2146000,0.0,1.0
2004-12-27,11.85,11.9,11.54,11.6,1.6571412,1052800,0.0,1.0
2004-12-23,11.82,11.85,11.12,11.53,1.64714121,3940500,0.0,1.0
2004-12-22,11.78,12.0,11.41,11.7,1.6714269,5745700,0.0,1.0
2004-12-21,13.03,13.03,12.48,12.6,1.7999982,1520100,0.0,1.0
2004-12-20,13.289,13.49,12.67,12.7,1.8142839,1692900,0.0,1.0
2004-12-17,13.46,13.6,12.75,12.98,1.85428386,2480800,0.0,1.0
2004-12-16,13.3,13.82,12.7,13.36,1.90856952,3286800,0.0,1.0
2004-12-15,12.99,13.53,12.65,12.815,1.830712455,3508700,0.0,1.0
2004-12-14,12.7,12.82,12.3,12.6,1.7999982,2959000,0.0,1.0
2004-12-13,12.02,12.93,11.96,12.78,1.82571246,3631200,0.0,1.0
2004-12-10,12.05,12.09,11.7,11.74,1.67714118,1209600,0.0,1.0
2004-12-09,11.29,11.82,11.22,11.73,1.67571261,2257600,0.0,1.0
2004-12-08,11.93,12.15,11.3,11.31,1.61571267,1815600,0.0,1.0
2004-12-07,11.2,12.15,11.2,11.67,1.66714119,4446600,0.0,1.0
2004-12-06,11.3,11.41,11.15,11.2,1.5999984,1091000,0.0,1.0
2004-12-03,11.35,11.45,11.2,11.3,1.6142841,1332600,0.0,1.0
2004-12-02,11.16,11.43,11.14,11.35,1.62142695,1535400,0.0,1.0
2004-12-01,11.35,11.52,11.05,11.25,1.60714125,2351000,0.0,1.0
2004-11-30,11.51,11.6,11.06,11.38,1.62571266,1137800,0.0,1.0
2004-11-29,11.4,11.72,11.3,11.42,1.63142694,1536000,0.0,1.0
2004-11-26,11.44,11.48,11.25,11.35,1.62142695,625400,0.0,1.0
2004-11-24,10.92,11.48,10.68,11.36,1.62285552,1699100,0.0,1.0
2004-11-23,11.32,11.4,10.91,10.95,1.56428415,1578600,0.0,1.0
2004-11-22,11.1,11.49,11.1,11.31,1.61571267,1571100,0.0,1.0
2004-11-19,11.81,11.89,11.21,11.25,1.60714125,2970500,0.0,1.0
2004-11-18,11.8,12.28,11.52,11.92,1.70285544,11458400,0.0,1.0
2004-11-17,10.57,11.0,10.33,10.46,1.49428422,2893900,0.0,1.0
2004-11-16,10.65,10.87,10.33,10.82,1.54571274,2404500,0.0,1.0
2004-11-15,11.08,11.24,10.8,11.23,1.60428411,2090700,0.0,1.0
2004-11-12,10.729,11.2,10.68,10.86,1.55142702,1529800,0.0,1.0
2004-11-11,10.48,10.78,10.45,10.75,1.53571275,1584400,0.0,1.0
2004-11-10,10.7,10.73,10.33,10.38,1.48285566,1404700,0.0,1.0
2004-11-09,10.83,10.93,10.5,10.66,1.52285562,1623100,0.0,1.0
2004-11-08,11.21,11.23,10.75,10.86,1.55142702,2405100,0.0,1.0
2004-11-05,10.799,11.4,10.61,10.92,1.55999844,3580200,0.0,1.0
2004-11-04,10.25,10.75,10.25,10.57,1.50999849,3005300,0.0,1.0
2004-11-03,10.18,10.54,10.08,10.12,1.44571284,5035600,0.0,1.0
2004-11-02,9.38,10.34,9.38,9.91,1.41571287,5772300,0.0,1.0
2004-11-01,9.475,9.6,9.35,9.43,1.34714151,1881300,0.0,1.0
2004-10-29,9.55,9.7,9.4,9.47,1.35285579,2213300,0.0,1.0
2004-10-28,9.85,9.86,9.5,9.59,1.36999863,1468300,0.0,1.0
2004-10-27,9.33,9.84,9.25,9.68,1.38285576,3645300,0.0,1.0
2004-10-26,9.94,9.94,9.55,9.61,1.37285577,2387300,0.0,1.0
2004-10-25,9.89,10.15,9.73,9.99,1.42714143,3120000,0.0,1.0
2004-10-22,10.1,10.15,9.72,9.8,1.3999986,2862100,0.0,1.0
2004-10-21,10.29,10.35,9.97,10.07,1.43856999,2891400,0.0,1.0
2004-10-20,9.99,10.3,9.95,10.1,1.4428557,3084300,0.0,1.0
2004-10-19,9.99,10.09,9.67,9.93,1.41857001,7863200,0.0,1.0
2004-10-18,10.6,10.66,9.85,9.87,1.40999859,12295000,0.0,1.0
2004-10-15,10.02,11.49,9.96,10.3,1.4714271,46202000,0.0,1.0
2004-10-14,17.44,17.7,17.0,17.43,2.48999751,3202100,0.0,1.0
2004-10-13,17.7,17.72,17.15,17.35,2.47856895,2059800,0.0,1.0
2004-10-12,17.91,17.97,17.1,17.28,2.46856896,2765600,0.0,1.0
2004-10-11,16.83,17.45,16.59,17.43,2.48999751,1700100,0.0,1.0
2004-10-08,17.3,17.72,16.75,16.76,2.39428332,2183200,0.0,1.0
2004-10-07,17.82,18.15,17.4,17.54,2.50571178,1998100,0.0,1.0
2004-10-06,17.47,18.25,17.39,17.95,2.56428315,3822500,0.0,1.0
2004-10-05,19.29,19.6,17.9,18.05,2.57856885,19655000,0.0,1.0
2004-10-04,17.19,17.78,16.85,17.25,2.46428325,4561300,0.0,1.0
2004-10-01,17.4,17.61,15.91,16.33,2.33285481,7150200,0.0,1.0
2004-09-30,16.24,16.24,14.93,15.42,2.20285494,2904200,0.0,1.0
2004-09-29,16.09,16.7,15.74,16.38,2.33999766,1451200,0.0,1.0
2004-09-28,16.28,16.55,15.92,16.39,2.34142623,1110800,0.0,1.0
2004-09-27,16.49,16.6,16.05,16.34,2.33428338,1046800,0.0,1.0
2004-09-24,16.98,17.15,16.6,16.65,2.37856905,2001800,0.0,1.0
2004-09-23,16.87,17.21,16.5,16.8,2.3999976,751800,0.0,1.0
2004-09-22,17.64,17.71,16.66,16.85,2.40714045,1225400,0.0,1.0
2004-09-21,18.02,18.1,17.33,17.51,2.50142607,1342400,0.0,1.0
2004-09-20,17.3,18.0,16.92,17.76,2.53714032,2385600,0.0,1.0
2004-09-17,17.189,17.55,16.75,16.99,2.42714043,1983200,0.0,1.0
2004-09-16,16.16,17.75,15.99,17.09,2.44142613,3518400,0.0,1.0
2004-09-15,16.39,16.78,15.8,15.9,2.2714263,1866200,0.0,1.0
2004-09-14,16.05,16.35,15.5,16.32,2.33142624,1713000,0.0,1.0
2004-09-13,15.1,15.95,15.07,15.82,2.25999774,1728300,0.0,1.0
2004-09-10,15.15,15.42,14.77,14.94,2.13428358,1524900,0.0,1.0
2004-09-09,15.1,15.44,15.0,15.08,2.15428356,938300,0.0,1.0
2004-09-08,15.55,15.64,14.87,15.07,2.15285499,2044000,0.0,1.0
2004-09-07,16.76,17.18,15.16,15.41,2.20142637,13269300,0.0,1.0
2004-09-03,14.89,15.0,14.2,14.36,2.05142652,2061900,0.0,1.0
2004-09-02,14.1,15.1,13.88,14.85,2.12142645,2193900,0.0,1.0
2004-09-01,14.01,14.52,13.9,14.27,2.03856939,1777600,0.0,1.0
2004-08-31,14.39,14.6,13.85,13.95,1.99285515,1401000,0.0,1.0
2004-08-30,15.1,15.1,14.05,14.45,2.06428365,1211900,0.0,1.0
2004-08-27,15.37,15.37,15.06,15.15,2.16428355,356800,0.0,1.0
2004-08-26,15.6,15.69,14.78,15.24,2.17714068,967000,0.0,1.0
2004-08-25,15.55,15.95,15.26,15.67,2.23856919,1074800,0.0,1.0
2004-08-24,15.93,16.12,15.25,15.46,2.20856922,1031500,0.0,1.0
2004-08-23,16.17,16.25,15.65,15.91,2.27285487,850200,0.0,1.0
2004-08-20,15.85,16.0,15.55,15.84,2.26285488,1093200,0.0,1.0
2004-08-19,15.92,16.15,15.4,15.85,2.26428345,852800,0.0,1.0
2004-08-18,15.69,15.95,15.35,15.74,2.24856918,1645100,0.0,1.0
2004-08-17,15.71,16.65,15.48,15.57,2.22428349,1383900,0.0,1.0
2004-08-16,14.88,15.58,14.71,15.38,2.19714066,1147900,0.0,1.0
2004-08-13,15.3,15.45,14.66,14.98,2.13999786,2183600,0.0,1.0
2004-08-12,15.89,15.99,15.3,15.38,2.19714066,1992800,0.0,1.0
2004-08-11,16.34,16.84,15.86,16.11,2.30142627,2694800,0.0,1.0
2004-08-10,16.73,17.59,16.42,17.14,2.44856898,2616700,0.0,1.0
2004-08-09,16.63,17.18,15.57,16.42,2.34571194,3129100,0.0,1.0
2004-08-06,16.63,17.25,15.26,16.91,2.41571187,5128100,0.0,1.0
2004-08-05,17.58,18.03,16.94,17.1,2.4428547,3012600,0.0,1.0
2004-08-04,19.02,19.11,17.03,17.53,2.50428321,5284000,0.0,1.0
2004-08-03,20.25,20.27,19.25,19.25,2.74999725,1030300,0.0,1.0
2004-08-02,19.84,20.4,19.57,20.16,2.87999712,1431800,0.0,1.0
2004-07-30,20.09,20.7,20.07,20.5,2.9285685,721900,0.0,1.0
2004-07-29,20.44,20.7,19.76,20.3,2.8999971,1055000,0.0,1.0
2004-07-28,20.53,20.54,19.26,20.23,2.88999711,1567100,0.0,1.0
2004-07-27,19.2,20.49,19.14,20.36,2.90856852,2043900,0.0,1.0
2004-07-26,20.17,20.23,18.5,19.06,2.72285442,2779600,0.0,1.0
2004-07-23,20.14,20.5,19.85,20.27,2.89571139,2085300,0.0,1.0
2004-07-22,19.73,20.57,19.61,20.24,2.89142568,2531200,0.0,1.0
2004-07-21,21.4,21.5,19.92,20.0,2.85714,2633700,0.0,1.0
2004-07-20,20.71,22.19,20.2,21.56,3.07999692,5227200,0.0,1.0
2004-07-19,21.899,22.12,19.91,20.17,2.88142569,12004000,0.0,1.0
2004-07-16,26.85,27.1,22.86,23.02,3.28856814,26262300,0.0,1.0
2004-07-15,32.25,32.95,31.73,32.0,4.571424,4492600,0.0,1.0
2004-07-14,31.71,32.89,30.5,32.06,4.57999542,1360700,0.0,1.0
2004-07-13,32.73,33.33,31.76,31.84,4.54856688,1501200,0.0,1.0
2004-07-12,33.33,33.44,32.01,32.58,4.65428106,1032700,0.0,1.0
2004-07-09,32.34,33.43,32.3,33.43,4.77570951,947800,0.0,1.0
2004-07-08,32.49,33.4,31.77,31.91,4.55856687,2164600,0.0,1.0
2004-07-07,33.6,34.87,32.75,33.35,4.76428095,1894700,0.0,1.0
2004-07-06,31.58,33.95,31.42,33.52,4.78856664,2247500,0.0,1.0
2004-07-02,34.7,34.79,31.9,32.31,4.61570967,4800500,0.0,1.0
2004-07-01,35.7,36.07,35.39,35.95,5.13570915,3296600,0.0,1.0
2004-06-30,35.499,36.57,34.86,36.0,5.142852,4215900,0.0,1.0
2004-06-29,34.85,35.26,34.06,34.18,4.88285226,2175100,0.0,1.0
2004-06-28,32.04,35.0,32.02,34.0,4.857138,4324800,0.0,1.0
2004-06-25,31.27,35.09,31.15,31.99,4.56999543,2250900,0.0,1.0
2004-06-24,31.25,31.9,31.05,31.09,4.44142413,2644900,0.0,1.0
2004-06-23,28.88,30.81,28.88,30.69,4.38428133,2383000,0.0,1.0
2004-06-22,29.25,29.25,28.35,28.99,4.14142443,1679300,0.0,1.0
2004-06-21,29.55,29.68,28.75,28.92,4.13142444,1137000,0.0,1.0
2004-06-18,29.89,30.18,29.36,29.55,4.22142435,1122600,0.0,1.0
2004-06-17,30.27,30.29,29.58,29.82,4.25999574,1180600,0.0,1.0
2004-06-16,29.7,31.23,29.7,30.24,4.31999568,1279700,0.0,1.0
2004-06-15,29.76,30.5,29.58,29.73,4.24713861,1028600,0.0,1.0
2004-06-14,30.49,30.5,28.56,29.55,4.22142435,2307500,0.0,1.0
2004-06-10,31.4,31.65,30.8,31.19,4.45570983,556300,0.0,1.0
2004-06-09,31.61,31.62,30.58,31.3,4.4714241,2161500,0.0,1.0
2004-06-08,31.99,32.45,31.87,32.01,4.57285257,522500,0.0,1.0
2004-06-07,31.72,32.27,31.52,32.1,4.5857097,1159000,0.0,1.0
2004-06-04,31.38,31.85,31.21,31.4,4.4857098,675000,0.0,1.0
2004-06-03,32.4,32.41,30.96,31.15,4.44999555,1325500,0.0,1.0
2004-06-02,32.9,32.94,32.25,32.47,4.63856679,986400,0.0,1.0
2004-06-01,32.29,33.0,31.98,32.6,4.6571382,1855000,0.0,1.0
2004-05-28,32.97,33.2,32.33,32.92,4.70285244,1158700,0.0,1.0
2004-05-27,33.26,33.27,32.55,33.2,4.7428524,1693200,0.0,1.0
2004-05-26,31.87,32.58,31.85,32.54,4.64856678,986800,0.0,1.0
2004-05-25,31.9,32.25,31.3,32.1,4.5857097,1625400,0.0,1.0
2004-05-24,31.26,31.95,31.1,31.95,4.56428115,1143600,0.0,1.0
2004-05-21,30.97,31.36,30.56,31.26,4.46570982,1128000,0.0,1.0
2004-05-20,31.5,31.7,30.5,30.94,4.41999558,1251900,0.0,1.0
2004-05-19,31.59,32.7,31.0,31.35,4.47856695,1966000,0.0,1.0
2004-05-18,31.01,31.3,29.82,31.0,4.428567,2212900,0.0,1.0
2004-05-17,29.74,30.69,29.37,30.5,4.3571385,1760700,0.0,1.0
2004-05-14,30.84,31.24,29.82,30.74,4.39142418,2148600,0.0,1.0
2004-05-13,29.64,30.74,29.45,30.69,4.38428133,2021900,0.0,1.0
2004-05-12,29.4,29.69,28.23,29.51,4.21571007,2403100,0.0,1.0
2004-05-11,28.48,29.56,28.41,29.4,4.1999958,3418200,0.0,1.0
2004-05-10,26.45,27.41,26.08,26.99,3.85571043,2697500,0.0,1.0
2004-05-07,27.7,28.4,27.3,27.34,3.90571038,1689700,0.0,1.0
2004-05-06,28.48,28.75,27.3,28.21,4.02999597,2031100,0.0,1.0
2004-05-05,27.15,28.95,26.95,28.79,4.11285303,3219000,0.0,1.0
2004-05-04,26.64,27.91,26.02,26.97,3.85285329,3059700,0.0,1.0
2004-05-03,25.3,27.0,25.29,26.9,3.8428533,3157100,0.0,1.0
2004-04-30,26.32,26.51,25.17,25.36,3.62285352,2842200,0.0,1.0
2004-04-29,27.22,27.64,25.85,26.05,3.72142485,3212000,0.0,1.0
2004-04-28,27.95,28.67,27.33,27.679,3.954138903,2028700,0.0,1.0
2004-04-27,28.8,29.0,27.7,28.04,4.00571028,1682400,0.0,1.0
2004-04-26,29.52,29.99,28.56,28.61,4.08713877,1511800,0.0,1.0
2004-04-23,30.1,30.22,29.05,29.61,4.22999577,1151200,0.0,1.0
2004-04-22,28.9,30.36,28.71,29.78,4.25428146,2023800,0.0,1.0
2004-04-21,29.33,29.72,28.18,29.01,4.14428157,3036900,0.0,1.0
2004-04-20,30.96,31.19,28.98,29.1,4.1571387,2742300,0.0,1.0
2004-04-19,29.801,30.98,27.02,30.65,4.37856705,8409000,0.0,1.0
2004-04-16,32.571,32.84,29.22,30.75,4.39285275,14903100,0.0,1.0
2004-04-15,36.6,37.91,35.82,37.02,5.28856614,4400000,0.0,1.0
2004-04-14,36.0,36.55,35.8,36.5,5.2142805,1477400,0.0,1.0
2004-04-13,38.03,38.34,36.07,36.59,5.22713763,2200300,0.0,1.0
2004-04-12,37.95,38.62,37.06,37.71,5.38713747,2085200,0.0,1.0
2004-04-08,36.79,38.14,36.65,37.65,5.37856605,3306300,0.0,1.0
2004-04-07,35.74,36.36,35.0,35.63,5.08999491,1229600,0.0,1.0
2004-04-06,35.51,35.98,35.05,35.6,5.0857092,1404700,0.0,1.0
2004-04-05,35.06,36.44,34.81,35.7,5.0999949,1649600,0.0,1.0
2004-04-02,36.2,36.71,35.12,35.18,5.02570926,2190700,0.0,1.0
2004-04-01,36.1,36.21,33.7,35.36,5.05142352,5509500,0.0,1.0
2004-03-31,34.5,34.95,33.57,34.12,4.87428084,2324900,0.0,1.0
2004-03-30,33.29,34.84,32.8,34.37,4.90999509,4001500,0.0,1.0
2004-03-29,30.73,33.42,30.13,33.39,4.76999523,6419900,0.0,1.0
2004-03-26,29.7,29.75,28.86,28.97,4.13856729,1587000,0.0,1.0
2004-03-25,28.58,29.92,28.403,29.6,4.2285672,1580900,0.0,1.0
2004-03-24,28.5,29.0,27.7,28.33,4.04713881,1294400,0.0,1.0
2004-03-23,29.87,30.22,27.67,28.5,4.0714245,3220400,0.0,1.0
2004-03-22,30.05,30.35,29.2,29.25,4.17856725,1563400,0.0,1.0
2004-03-19,31.1,31.51,30.6,30.73,4.38999561,1422100,0.0,1.0
2004-03-18,30.43,31.33,30.17,30.9,4.4142813,1551200,0.0,1.0
2004-03-17,29.45,30.89,29.31,30.52,4.35999564,2482400,0.0,1.0
2004-03-16,29.6,30.19,28.56,29.05,4.14999585,3242500,0.0,1.0
2004-03-15,30.33,30.67,29.45,29.55,4.22142435,1964000,0.0,1.0
2004-03-12,30.4,30.84,30.05,30.77,4.39570989,2035100,0.0,1.0
2004-03-11,30.44,31.5,29.34,30.02,4.28856714,4589500,0.0,1.0
2004-03-10,31.04,31.84,30.52,30.61,4.37285277,1961900,0.0,1.0
2004-03-09,32.04,32.15,30.9,31.15,4.44999555,2533100,0.0,1.0
2004-03-08,33.1,33.6,31.8,31.98,4.56856686,1936300,0.0,1.0
2004-03-05,32.58,34.1,32.33,33.27,4.75285239,2765400,0.0,1.0
2004-03-04,33.13,33.24,32.51,32.68,4.66856676,2431900,0.0,1.0
2004-03-03,34.44,34.6,33.01,33.02,4.71713814,2987200,0.0,1.0
2004-03-02,34.75,35.15,34.4,34.46,4.92285222,2256700,0.0,1.0
2004-03-01,34.35,35.46,34.22,34.75,4.96428075,3484400,0.0,1.0
2004-02-27,33.99,34.97,33.02,34.4,4.9142808,4998600,0.0,1.0
2004-02-26,30.95,34.12,30.63,33.6,4.7999952,7368900,0.0,1.0
2004-02-25,31.08,31.51,30.57,31.11,4.44428127,3890400,0.0,1.0
2004-02-24,31.55,32.14,30.26,31.2,4.4571384,14167800,0.0,1.0
2004-02-23,33.9,35.85,33.8,35.02,5.00285214,6035600,0.0,1.0
2004-02-20,33.8,35.38,32.55,35.38,5.05428066,5517900,0.0,1.0
2004-02-19,35.68,36.0,33.85,34.15,4.87856655,2565000,0.0,1.0
2004-02-18,35.48,36.1,34.82,35.24,5.03428068,2081900,0.0,1.0
2004-02-17,36.1,36.2,34.51,35.28,5.03999496,3139700,0.0,1.0
2004-02-13,37.59,38.12,35.45,35.54,5.07713778,4264000,0.0,1.0
2004-02-12,36.37,37.87,35.26,37.3,5.3285661,2832250,0.0,2.0
2004-02-11,72.31,75.1,70.04,71.96,5.13999486,4075800,0.0,1.0
2004-02-10,77.45,77.45,72.03,72.8,5.1999948,4587200,0.0,1.0
2004-02-09,77.25,78.95,76.454,76.56,5.46856596,2166600,0.0,1.0
2004-02-06,73.3,76.8,72.47,76.63,5.473565955,2254200,0.0,1.0
2004-02-05,69.45,73.57,69.29,73.16,5.22570906,2374900,0.0,1.0
2004-02-04,71.25,72.09,69.4,69.65,4.974995025,1954100,0.0,1.0
2004-02-03,72.58,73.73,70.09,71.9,5.13570915,2410300,0.0,1.0
2004-02-02,74.2,75.36,72.2,72.73,5.194994805,2288200,0.0,1.0
2004-01-30,70.47,74.67,70.19,73.41,5.243566185,2546000,0.0,1.0
2004-01-29,72.9,73.03,68.69,70.75,5.053566375,4028100,0.0,1.0
2004-01-28,75.12,76.38,70.75,71.9,5.13570915,3543700,0.0,1.0
2004-01-27,76.0,79.54,74.91,75.186,5.370423201,4786600,0.0,1.0
2004-01-26,76.5,77.08,75.25,76.26,5.44713741,2236200,0.0,1.0
2004-01-23,77.5,78.75,75.06,77.5,5.53570875,3899500,0.0,1.0
2004-01-22,75.811,79.2,73.22,77.66,5.54713731,11873900,0.0,1.0
2004-01-21,68.02,68.35,65.63,65.8,4.6999953,2922500,0.0,1.0
2004-01-20,65.85,69.21,65.18,67.75,4.839280875,2923200,0.0,1.0
2004-01-16,64.95,65.56,64.31,65.56,4.68285246,1719700,0.0,1.0
2004-01-15,64.92,65.46,63.5,64.79,4.627852515,1143800,0.0,1.0
2004-01-14,64.966,66.15,64.2,65.1,4.64999535,1647900,0.0,1.0
2004-01-13,64.38,65.52,63.38,65.31,4.664995335,2354500,0.0,1.0
2004-01-12,62.24,64.6,61.13,64.05,4.574995425,1918400,0.0,1.0
2004-01-09,60.72,64.1,60.42,62.0,4.428567,2359300,0.0,1.0
2004-01-08,63.55,63.9,60.079,62.06,4.43285271,2655600,0.0,1.0
2004-01-07,60.3,62.58,59.49,62.24,4.44570984,4888000,0.0,1.0
2004-01-06,55.25,60.75,55.12,59.61,4.257852885,3759500,0.0,1.0
2004-01-05,54.5,56.86,54.25,55.9,3.99285315,1800500,0.0,1.0
2004-01-02,57.5,57.79,53.79,54.83,3.916424655,3587900,0.0,1.0
2003-12-31,56.64,57.28,54.33,54.69,3.906424665,1200100,0.0,1.0
2003-12-30,58.33,58.33,56.36,56.79,4.056424515,1112400,0.0,1.0
2003-12-29,58.51,59.23,58.06,58.31,4.164995835,1162100,0.0,1.0
2003-12-26,56.9,58.98,56.7,58.2,4.1571387,849100,0.0,1.0
2003-12-24,55.11,58.47,54.85,56.98,4.06999593,1966100,0.0,1.0
2003-12-23,51.99,55.44,50.9,54.87,3.919281795,2074500,0.0,1.0
2003-12-22,50.8,52.25,50.55,51.97,3.712139145,1351800,0.0,1.0
2003-12-19,51.19,51.79,50.35,51.07,3.647853495,1297800,0.0,1.0
2003-12-18,50.28,51.8,49.75,51.169,3.6549249165,3161200,0.0,1.0
2003-12-17,44.51,50.68,43.05,50.49,3.606424965,4601100,0.0,1.0
2003-12-16,44.97,45.39,43.69,44.8,3.1999968,1381400,0.0,1.0
2003-12-15,48.4,48.75,44.96,45.32,3.23713962,1020700,0.0,1.0
2003-12-12,47.9,47.92,46.23,46.81,3.343568085,836000,0.0,1.0
2003-12-11,45.03,47.46,45.0,47.44,3.38856804,1290000,0.0,1.0
2003-12-10,45.24,47.3,44.4,45.05,3.217853925,1834600,0.0,1.0
2003-12-09,47.59,47.85,45.31,45.44,3.24571104,1048700,0.0,1.0
2003-12-08,47.25,48.47,45.59,47.21,3.372139485,1439800,0.0,1.0
2003-12-05,47.65,48.48,46.69,47.47,3.390710895,897700,0.0,1.0
2003-12-04,49.99,50.65,46.66,48.04,3.43142514,2059000,0.0,1.0
2003-12-03,51.45,52.26,49.55,49.77,3.554996445,1310700,0.0,1.0
2003-12-02,50.45,51.82,50.0,50.9,3.63571065,1130300,0.0,1.0
2003-12-01,49.42,51.0,49.19,50.7,3.62142495,1298000,0.0,1.0
2003-11-28,48.33,49.11,48.0,49.0,3.4999965,364900,0.0,1.0
2003-11-26,48.26,49.35,47.67,48.31,3.450710835,1002800,0.0,1.0
2003-11-25,47.15,48.9,46.96,48.01,3.429282285,1209100,0.0,1.0
2003-11-24,45.41,47.0,45.41,46.8,3.3428538,999100,0.0,1.0
2003-11-21,46.45,47.0,45.22,45.65,3.260711025,1574300,0.0,1.0
2003-11-20,44.51,47.1,44.2,45.56,3.25428246,2104900,0.0,1.0
2003-11-19,46.6,47.92,45.6,46.44,3.31713954,1651700,0.0,1.0
2003-11-18,45.2,47.6,44.73,46.57,3.326425245,2802100,0.0,1.0
2003-11-17,46.35,46.39,44.18,44.6,3.1857111,2265800,0.0,1.0
2003-11-14,48.39,49.46,46.55,46.77,3.340710945,1351500,0.0,1.0
2003-11-13,50.79,50.8,48.2,48.5,3.46428225,1702600,0.0,1.0
2003-11-12,47.0,50.49,46.56,50.239,3.5884964115,2453800,0.0,1.0
2003-11-11,46.91,47.95,45.95,47.03,3.359282355,1877900,0.0,1.0
2003-11-10,46.87,47.97,45.95,46.6,3.3285681,3465200,0.0,1.0
2003-11-07,51.16,52.85,46.221,46.88,3.34856808,7361000,0.0,1.0
2003-11-06,55.2,56.68,50.03,50.83,3.630710655,7828200,0.0,1.0
2003-11-05,59.25,59.986,57.95,58.72,4.19428152,1234100,0.0,1.0
2003-11-04,58.05,60.55,57.84,59.6,4.2571386,1116800,0.0,1.0
2003-11-03,57.39,59.0,57.2,58.45,4.174995825,1050900,0.0,1.0
2003-10-31,58.84,58.95,56.52,57.22,4.08713877,1144100,0.0,1.0
2003-10-30,60.34,61.0,57.8,58.41,4.172138685,1922400,0.0,1.0
2003-10-29,57.5,59.3,56.9,59.06,4.21856721,1952400,0.0,1.0
2003-10-28,54.65,56.48,54.2,56.48,4.03428168,1563200,0.0,1.0
2003-10-27,51.64,53.82,51.54,53.749,3.8392104465,1108400,0.0,1.0
2003-10-24,52.5,53.45,50.7,51.99,3.713567715,1536700,0.0,1.0
2003-10-23,51.21,53.422,50.1,52.13,3.723567705,1653100,0.0,1.0
2003-10-22,53.1,54.35,52.15,52.45,3.746424825,1623800,0.0,1.0
2003-10-21,55.25,56.0,53.54,54.5,3.89285325,2525800,0.0,1.0
2003-10-20,50.87,56.25,50.46,54.741,3.9100675185,4325700,0.0,1.0
2003-10-17,51.45,53.08,49.5,52.13,3.723567705,2746900,0.0,1.0
2003-10-16,45.48,53.56,45.32,51.85,3.703567725,8987500,0.0,1.0
2003-10-15,47.39,48.0,44.29,44.7,3.19285395,1173200,0.0,1.0
2003-10-14,47.16,48.45,45.85,47.22,3.37285377,1726900,0.0,1.0
2003-10-13,44.4,46.85,44.3,46.83,3.344996655,1506400,0.0,1.0
2003-10-10,43.5,44.86,43.3,44.65,3.189282525,730100,0.0,1.0
2003-10-09,43.04,45.2,42.77,43.07,3.076425495,1333700,0.0,1.0
2003-10-08,44.78,44.89,42.05,43.0,3.0714255,1576200,0.0,1.0
2003-10-07,41.41,44.7,40.96,44.05,3.146425425,1567100,0.0,1.0
2003-10-06,40.02,42.63,39.35,41.36,2.95428276,1316100,0.0,1.0
2003-10-03,41.15,41.42,39.54,40.15,2.867854275,2591000,0.0,1.0
2003-10-02,37.64,41.6,36.0,40.97,2.926425645,5223500,0.0,1.0
2003-10-01,33.6,35.49,33.4,34.51,2.464997535,991200,0.0,1.0
2003-09-30,33.79,36.11,33.05,33.56,2.39714046,1479400,0.0,1.0
2003-09-29,32.51,33.85,30.42,33.48,2.39142618,2876100,0.0,1.0
2003-09-26,34.1,35.73,33.33,33.49,2.392140465,870500,0.0,1.0
2003-09-25,37.89,38.45,33.739,34.81,2.486426085,1493700,0.0,1.0
2003-09-24,39.28,39.33,37.89,38.0,2.714283,527500,0.0,1.0
2003-09-23,39.15,39.5,38.17,39.13,2.794997205,746200,0.0,1.0
2003-09-22,36.46,40.24,36.33,38.79,2.770711515,1610000,0.0,1.0
2003-09-19,36.5,37.6,35.79,37.0,2.6428545,686100,0.0,1.0
2003-09-18,36.2,36.82,35.6,36.54,2.60999739,872500,0.0,1.0
2003-09-17,36.2,36.97,35.43,35.75,2.553568875,800300,0.0,1.0
2003-09-16,37.05,37.43,35.65,35.9,2.56428315,1548900,0.0,1.0
2003-09-15,34.75,36.14,34.45,35.51,2.536426035,1276900,0.0,1.0
2003-09-12,32.77,34.76,32.5,34.57,2.469283245,1153000,0.0,1.0
2003-09-11,34.04,34.25,32.07,32.87,2.347854795,1270400,0.0,1.0
2003-09-10,35.3,36.27,33.6,33.91,2.422140435,760200,0.0,1.0
2003-09-09,34.66,36.53,34.63,35.51,2.536426035,776800,0.0,1.0
2003-09-08,34.22,35.5,34.0,34.72,2.47999752,1192800,0.0,1.0
2003-09-05,33.31,35.3,33.3,34.55,2.467854675,1488900,0.0,1.0
2003-09-04,33.2,33.8,32.8,33.49,2.392140465,588600,0.0,1.0
2003-09-03,34.52,35.44,32.96,33.3,2.37856905,1702400,0.0,1.0
2003-09-02,33.23,34.69,32.4,33.65,2.403569025,1935900,0.0,1.0
2003-08-29,31.49,33.78,31.25,33.33,2.380711905,795000,0.0,1.0
2003-08-28,32.98,33.0,30.65,31.64,2.25999774,980000,0.0,1.0
2003-08-27,30.0,33.1,29.92,32.37,2.312140545,2380200,0.0,1.0
2003-08-26,27.9,30.15,27.4,29.79,2.127855015,941300,0.0,1.0
2003-08-25,28.51,28.66,27.25,28.07,2.004997995,492300,0.0,1.0
2003-08-22,28.97,29.37,28.5,28.8,2.0571408,599700,0.0,1.0
2003-08-21,28.25,29.72,28.23,28.83,2.059283655,1396700,0.0,1.0
2003-08-20,25.71,28.86,25.71,27.72,1.97999802,2095500,0.0,1.0
2003-08-19,24.9,25.98,24.64,25.84,1.84571244,621800,0.0,1.0
2003-08-18,25.1,25.13,24.39,24.85,1.774998225,452500,0.0,1.0
2003-08-15,25.1,25.24,24.57,24.99,1.784998215,365500,0.0,1.0
2003-08-14,24.32,25.48,24.23,24.94,1.78142679,806700,0.0,1.0
2003-08-13,24.88,25.24,24.08,24.22,1.72999827,324100,0.0,1.0
2003-08-12,24.93,25.0,24.14,24.87,1.776426795,215000,0.0,1.0
2003-08-11,23.35,24.93,23.34,24.82,1.77285537,448600,0.0,1.0
2003-08-08,23.15,23.75,23.08,23.49,1.677855465,238500,0.0,1.0
2003-08-07,23.11,23.35,22.6,23.09,1.649284065,563800,0.0,1.0
2003-08-06,24.4,24.5,22.87,23.36,1.66856976,579500,0.0,1.0
2003-08-05,25.1,25.45,24.26,24.31,1.736426835,220300,0.0,1.0
2003-08-04,24.95,25.16,24.3,24.95,1.782141075,262600,0.0,1.0
2003-08-01,25.92,26.0,24.95,24.95,1.782141075,452800,0.0,1.0
2003-07-31,26.25,26.3,24.8,26.2,1.8714267,609600,0.0,1.0
2003-07-30,26.75,26.77,25.85,25.955,1.8539267175,377600,0.0,1.0
2003-07-29,26.75,27.0,26.25,26.69,1.906426665,382700,0.0,1.0
2003-07-28,26.55,27.47,26.51,26.62,1.90142667,535400,0.0,1.0
2003-07-25,26.09,27.1,26.09,27.02,1.92999807,395300,0.0,1.0
2003-07-24,26.9,27.35,26.2,26.4,1.8857124,774400,0.0,1.0
2003-07-23,24.86,26.73,24.85,26.67,1.904998095,1564200,0.0,1.0
2003-07-22,23.53,24.99,23.48,24.7,1.76428395,823200,0.0,1.0
2003-07-21,24.16,24.16,22.97,23.53,1.680712605,780300,0.0,1.0
2003-07-18,25.51,25.54,22.55,24.15,1.724998275,2588300,0.0,1.0
2003-07-17,25.24,25.48,24.57,25.28,1.80571248,1224400,0.0,1.0
2003-07-16,26.65,27.0,24.5,25.48,1.81999818,966700,0.0,1.0
2003-07-15,26.67,28.02,26.16,26.38,1.88428383,1256300,0.0,1.0
2003-07-14,26.64,28.55,26.49,28.14,2.00999799,847300,0.0,1.0
2003-07-11,26.61,27.25,26.02,26.49,1.892140965,566900,0.0,1.0
2003-07-10,27.37,27.94,26.7,26.91,1.922140935,625300,0.0,1.0
2003-07-09,27.4,28.04,26.901,27.56,1.96856946,688000,0.0,1.0
2003-07-08,27.0,27.6,26.75,27.43,1.959283755,767900,0.0,1.0
2003-07-07,27.5,28.6,26.3,26.8,1.9142838,1390500,0.0,1.0
2003-07-03,26.93,27.9,26.8,27.75,1.982140875,585900,0.0,1.0
2003-07-02,25.96,27.5,25.67,27.16,1.93999806,2790800,0.0,1.0
2003-07-01,25.6,25.6,24.26,24.75,1.767855375,882600,0.0,1.0
2003-06-30,25.09,26.24,24.91,25.55,1.824998175,1858000,0.0,1.0
2003-06-27,24.99,25.89,24.72,24.9,1.77856965,1293700,0.0,1.0
2003-06-26,23.22,25.21,23.12,24.88,1.77714108,2304100,0.0,1.0
2003-06-25,23.5,24.14,22.55,23.12,1.65142692,1355600,0.0,1.0
2003-06-24,21.4,23.98,21.4,22.85,1.632141225,2405800,0.0,1.0
2003-06-23,21.56,21.85,21.23,21.5,1.53571275,621400,0.0,1.0
2003-06-20,22.17,22.55,21.21,21.7,1.54999845,929900,0.0,1.0
2003-06-19,21.4,22.15,21.4,21.97,1.569284145,1101800,0.0,1.0
2003-06-18,21.37,21.87,21.12,21.46,1.53285561,785800,0.0,1.0
2003-06-17,21.84,22.3,21.12,21.21,1.514998485,1253000,0.0,1.0
2003-06-16,19.44,21.77,19.4,21.75,1.553569875,2301800,0.0,1.0
2003-06-13,21.21,21.35,18.05,19.2,1.3714272,4716000,0.0,1.0
2003-06-12,22.19,22.49,21.22,21.92,1.56571272,1318400,0.0,1.0
2003-06-11,22.12,22.85,21.9,22.45,1.603569825,1283800,0.0,1.0
2003-06-10,22.02,23.58,20.82,22.7,1.62142695,4459500,0.0,1.0
2003-06-09,23.62,23.69,22.5,23.001,1.6429269285,909400,0.0,1.0
2003-06-06,25.74,26.35,23.3,23.61,1.686426885,1369600,0.0,1.0
2003-06-05,24.49,25.44,23.63,25.41,1.814998185,936000,0.0,1.0
2003-06-04,24.11,25.2,24.01,24.4,1.7428554,887200,0.0,1.0
2003-06-03,23.29,24.06,23.05,23.861,1.7043554385,610600,0.0,1.0
2003-06-02,22.51,24.25,22.51,23.3,1.66428405,1253400,0.0,1.0
2003-05-30,22.83,22.95,22.15,22.45,1.603569825,748300,0.0,1.0
2003-05-29,22.54,23.01,22.11,22.8,1.6285698,519800,0.0,1.0
2003-05-28,22.81,23.45,21.75,22.6,1.6142841,723400,0.0,1.0
2003-05-27,22.05,22.95,22.0,22.69,1.620712665,991700,0.0,1.0
2003-05-23,22.87,23.2,22.1,22.12,1.57999842,583700,0.0,1.0
2003-05-22,21.18,22.84,21.1,22.59,1.613569815,1019900,0.0,1.0
2003-05-21,21.76,21.79,20.76,21.19,1.513569915,675100,0.0,1.0
2003-05-20,21.35,21.95,20.55,21.75,1.553569875,1443500,0.0,1.0
2003-05-19,23.3,23.42,20.53,20.79,1.484998515,2176600,0.0,1.0
2003-05-16,24.52,24.6,23.0,23.79,1.699284015,926200,0.0,1.0
2003-05-15,24.58,24.98,24.15,24.46,1.74714111,763200,0.0,1.0
2003-05-14,25.88,25.93,24.32,24.48,1.74856968,1365500,0.0,1.0
2003-05-13,23.7,25.25,23.55,25.15,1.796426775,1300500,0.0,1.0
2003-05-12,22.89,23.95,22.7,23.53,1.680712605,842000,0.0,1.0
2003-05-09,22.9,23.1,22.3,22.62,1.61571267,423300,0.0,1.0
2003-05-08,23.31,23.41,22.77,22.88,1.63428408,717600,0.0,1.0
2003-05-07,23.22,23.8,22.85,23.635,1.6882125975,962400,0.0,1.0
2003-05-06,23.37,24.19,22.9,23.22,1.65856977,1068900,0.0,1.0
2003-05-05,22.42,24.39,22.42,23.37,1.669284045,1032100,0.0,1.0
2003-05-02,22.45,23.0,22.4,22.631,1.6164983835,881000,0.0,1.0
2003-05-01,22.67,22.84,22.35,22.5,1.60714125,1070300,0.0,1.0
2003-04-30,22.89,23.28,21.75,22.8,1.6285698,790800,0.0,1.0
2003-04-29,22.11,23.0,22.11,22.8,1.6285698,1437800,0.0,1.0
2003-04-28,21.0,22.25,21.0,22.16,1.58285556,1623400,0.0,1.0
2003-04-25,21.99,22.2,20.898,21.15,1.510712775,1065900,0.0,1.0
2003-04-24,20.54,22.79,20.3,22.02,1.57285557,2554700,0.0,1.0
2003-04-23,23.06,23.09,20.05,20.72,1.47999852,2627700,0.0,1.0
2003-04-22,24.489,24.489,22.44,22.97,1.640712645,2183600,0.0,1.0
2003-04-21,23.7,24.69,22.6,24.63,1.759283955,3469500,0.0,1.0
2003-04-17,20.65,22.0,20.57,21.96,1.56856986,961600,0.0,1.0
2003-04-16,20.28,20.62,20.1,20.571,1.4693556735,323800,0.0,1.0
2003-04-15,20.1,20.3,19.72,20.15,1.439284275,450800,0.0,1.0
2003-04-14,20.31,20.7,20.1,20.2,1.4428557,382500,0.0,1.0
2003-04-11,21.24,21.7,20.65,20.77,1.483569945,342200,0.0,1.0
2003-04-10,20.49,21.16,20.11,21.02,1.50142707,387100,0.0,1.0
2003-04-09,20.75,20.8,20.0,20.4,1.4571414,418900,0.0,1.0
2003-04-08,19.89,20.6,19.1,20.18,1.44142713,447500,0.0,1.0
2003-04-07,20.6,21.25,19.76,19.95,1.424998575,736800,0.0,1.0
2003-04-04,20.16,20.43,19.44,19.55,1.396427175,420300,0.0,1.0
2003-04-03,20.2,20.25,19.56,20.0,1.42857,573800,0.0,1.0
2003-04-02,20.0,20.61,19.56,19.84,1.41714144,1625800,0.0,1.0
2003-04-01,20.5,20.58,18.56,18.96,1.35428436,1215700,0.0,1.0
2003-03-31,20.19,21.1,20.11,20.35,1.453569975,591700,0.0,1.0
2003-03-28,21.75,22.33,20.71,21.06,1.50428421,1867400,0.0,1.0
2003-03-27,20.5,21.91,20.2,21.73,1.552141305,2188000,0.0,1.0
2003-03-26,19.4,20.74,19.25,20.6,1.4714271,1327200,0.0,1.0
2003-03-25,18.0,19.49,17.95,19.25,1.374998625,900200,0.0,1.0
2003-03-24,18.27,18.6,17.75,18.0,1.285713,642600,0.0,1.0
2003-03-21,19.11,19.61,18.31,18.55,1.324998675,582200,0.0,1.0
2003-03-20,19.45,19.69,18.61,18.83,1.344998655,1043100,0.0,1.0
2003-03-19,19.09,19.58,18.7,19.24,1.37428434,1147300,0.0,1.0
2003-03-18,18.5,19.18,18.07,18.75,1.339284375,1506500,0.0,1.0
2003-03-17,16.58,18.09,15.66,18.0,1.285713,1186900,0.0,1.0
2003-03-14,16.6,16.95,16.39,16.55,1.182141675,437800,0.0,1.0
2003-03-13,15.36,16.57,15.25,16.25,1.160713125,540000,0.0,1.0
2003-03-12,15.45,15.51,14.9,15.06,1.07571321,410800,0.0,1.0
2003-03-11,15.73,15.75,15.0,15.5,1.10714175,395100,0.0,1.0
2003-03-10,15.98,16.3,15.71,15.73,1.123570305,244600,0.0,1.0
2003-03-07,15.98,16.6,15.75,16.09,1.149284565,346700,0.0,1.0
2003-03-06,16.31,16.49,16.0,16.3,1.16428455,246800,0.0,1.0
2003-03-05,16.36,16.36,15.76,16.15,1.153570275,249900,0.0,1.0
2003-03-04,15.99,16.41,15.54,16.35,1.167855975,397500,0.0,1.0
2003-03-03,16.91,17.08,15.75,15.96,1.13999886,1128400,0.0,1.0
2003-02-28,16.63,17.2,16.3,17.11,1.222141635,848500,0.0,1.0
2003-02-27,14.82,16.5,14.77,16.5,1.17857025,1651400,0.0,1.0
2003-02-26,14.76,14.84,14.09,14.55,1.039284675,277000,0.0,1.0
2003-02-25,13.81,14.85,13.51,14.65,1.046427525,330700,0.0,1.0
2003-02-24,14.34,14.59,14.01,14.04,1.00285614,881400,0.0,1.0
2003-02-21,15.4,15.4,14.46,14.9,1.06428465,446800,0.0,1.0
2003-02-20,15.49,15.75,15.04,15.38,1.09857033,452800,0.0,1.0
2003-02-19,14.82,15.25,14.68,15.14,1.08142749,365600,0.0,1.0
2003-02-18,14.31,14.79,14.04,14.66,1.04714181,447700,0.0,1.0
2003-02-14,13.33,14.28,13.26,14.24,1.01714184,602500,0.0,1.0
2003-02-13,13.31,25.05,13.22,13.22,0.94428477,435200,0.0,1.0
2003-02-12,13.37,13.4,13.0,13.28,0.94857048,401100,0.0,1.0
2003-02-11,12.9,13.1,12.61,12.98,0.92714193,342200,0.0,1.0
2003-02-10,12.23,12.77,12.15,12.47,0.890713395,521800,0.0,1.0
2003-02-07,11.8,12.25,11.69,12.18,0.86999913,358300,0.0,1.0
2003-02-06,11.96,12.0,11.54,11.65,0.832142025,266800,0.0,1.0
2003-02-05,12.26,12.4,11.82,11.94,0.85285629,248900,0.0,1.0
2003-02-04,12.6,12.75,12.05,12.3,0.87857055,145700,0.0,1.0
2003-02-03,13.14,13.18,12.5,12.8,0.9142848,202600,0.0,1.0
2003-01-31,12.68,13.25,12.46,13.2,0.9428562,287100,0.0,1.0
2003-01-30,12.5,12.76,12.35,12.63,0.902141955,264300,0.0,1.0
2003-01-29,12.03,12.85,11.91,12.55,0.896427675,211200,0.0,1.0
2003-01-28,12.03,12.85,11.91,12.55,0.896427675,353300,0.0,1.0
2003-01-27,12.1,12.28,11.72,12.28,0.87714198,245700,0.0,1.0
2003-01-24,12.25,12.38,11.85,12.33,0.880713405,453800,0.0,1.0
2003-01-23,11.91,12.68,11.7,12.19,0.870713415,515700,0.0,1.0
2003-01-22,11.38,11.95,11.28,11.6,0.8285706,298100,0.0,1.0
2003-01-21,11.57,11.9,11.1,11.4,0.8142849,434400,0.0,1.0
2003-01-17,11.8,11.9,11.05,11.44,0.81714204,383200,0.0,1.0
2003-01-16,12.7,13.39,12.0,12.0,0.857142,1332400,0.0,1.0
2003-01-15,11.89,12.35,11.87,12.2,0.8714277,673600,0.0,1.0
2003-01-14,12.2,12.35,11.71,12.04,0.85999914,182100,0.0,1.0
2003-01-13,12.01,12.37,11.97,12.14,0.86714199,314900,0.0,1.0
2003-01-10,11.69,12.7,11.6,12.42,0.88714197,388200,0.0,1.0
2003-01-09,11.55,11.84,11.33,11.74,0.83857059,380200,0.0,1.0
2003-01-08,10.8,12.0,10.67,11.41,0.814999185,382600,0.0,1.0
2003-01-07,10.8,11.14,10.8,10.97,0.783570645,138400,0.0,1.0
2003-01-06,11.0,11.2,10.67,11.1,0.79285635,214500,0.0,1.0
2003-01-03,11.9,11.9,10.8,10.82,0.77285637,232000,0.0,1.0
2003-01-02,11.85,12.6,11.35,11.45,0.817856325,599800,0.0,1.0
2002-12-31,9.98,11.2,9.7,11.01,0.786427785,812100,0.0,1.0
2002-12-30,9.85,10.0,9.6,9.99,0.713570715,371300,0.0,1.0
2002-12-27,9.7,9.92,9.6,9.67,0.690713595,328000,0.0,1.0
2002-12-26,9.83,10.0,9.58,9.75,0.696427875,151600,0.0,1.0
2002-12-24,10.2,10.25,9.79,9.9,0.70714215,349700,0.0,1.0
2002-12-23,10.35,10.65,10.19,10.25,0.732142125,236500,0.0,1.0
2002-12-20,10.7,10.79,10.2,10.7,0.76428495,313200,0.0,1.0
2002-12-19,10.79,11.19,10.62,10.8,0.7714278,270100,0.0,1.0
2002-12-18,12.55,12.58,10.69,11.0,0.7857135,955600,0.0,1.0
2002-12-17,12.8,12.98,12.5,12.69,0.906427665,120000,0.0,1.0
2002-12-16,12.58,12.99,12.15,12.79,0.913570515,149900,0.0,1.0
2002-12-13,12.6,12.8,12.05,12.5,0.89285625,99700,0.0,1.0
2002-12-12,12.68,12.8,12.4,12.61,0.900713385,181000,0.0,1.0
2002-12-11,11.96,13.0,11.77,12.56,0.89714196,349700,0.0,1.0
2002-12-10,11.2,12.22,11.19,12.2,0.8714277,231200,0.0,1.0
2002-12-09,11.14,11.2,10.69,11.19,0.799284915,290600,0.0,1.0
2002-12-06,10.99,11.17,10.33,10.95,0.782142075,277400,0.0,1.0
2002-12-05,12.02,12.1,10.78,11.0,0.7857135,902300,0.0,1.0
2002-12-04,10.4,10.5,9.75,9.949,0.7106421465,176300,0.0,1.0
2002-12-03,10.5,11.05,10.35,10.79,0.770713515,83200,0.0,1.0
2002-12-02,10.4,11.15,10.14,10.66,0.76142781,143500,0.0,1.0
2002-11-29,10.5,11.13,10.4,10.85,0.774999225,66600,0.0,1.0
2002-11-27,10.66,10.72,10.41,10.52,0.75142782,76400,0.0,1.0
2002-11-26,10.8,11.0,10.48,10.49,0.749284965,126500,0.0,1.0
2002-11-25,11.1,11.15,10.55,11.1,0.79285635,340800,0.0,1.0
2002-11-22,10.6,11.2,10.53,11.01,0.786427785,320900,0.0,1.0
2002-11-21,10.2,11.0,10.05,11.0,0.7857135,751200,0.0,1.0
2002-11-20,9.44,10.19,9.25,10.04,0.71714214,720400,0.0,1.0
2002-11-19,10.08,10.09,8.73,9.3,0.66428505,2013900,0.0,1.0
2002-11-18,9.08,10.93,8.75,10.9,0.77857065,718700,0.0,1.0
2002-11-15,8.99,9.15,8.25,9.1,0.64999935,146100,0.0,1.0
2002-11-14,9.0,9.03,8.66,8.66,0.61857081,66500,0.0,1.0
2002-11-13,8.11,9.0,7.78,8.98,0.64142793,230800,0.0,1.0
2002-11-12,8.4,8.6,8.01,8.09,0.577856565,156500,0.0,1.0
2002-11-11,8.5,8.5,8.2,8.41,0.600713685,26500,0.0,1.0
2002-11-08,8.47,8.58,7.75,8.55,0.610713675,351600,0.0,1.0
2002-11-07,8.85,8.93,8.3,8.3,0.59285655,184700,0.0,1.0
2002-11-06,9.3,9.3,8.58,8.81,0.629285085,502300,0.0,1.0
2002-11-05,9.41,9.47,9.11,9.12,0.65142792,74700,0.0,1.0
2002-11-04,9.0,9.84,8.95,9.4,0.6714279,256400,0.0,1.0
2002-11-01,8.8,9.0,8.5,8.94,0.63857079,151900,0.0,1.0
2002-10-31,8.91,9.0,8.73,8.971,0.6407850735,118500,0.0,1.0
2002-10-30,9.29,9.32,8.9,8.98,0.64142793,101700,0.0,1.0
2002-10-29,9.45,9.5,8.86,9.2,0.6571422,143200,0.0,1.0
2002-10-28,9.3,9.9,9.1,9.6,0.6857136,403400,0.0,1.0
2002-10-25,8.12,9.59,7.95,9.0,0.6428565,460500,0.0,1.0
2002-10-24,8.49,8.49,7.75,8.11,0.579285135,173700,0.0,1.0
2002-10-23,8.75,8.75,8.2,8.25,0.589285125,252800,0.0,1.0
2002-10-22,8.9,9.01,8.65,8.759,0.6256422315,304500,0.0,1.0
2002-10-21,8.94,9.3,8.52,8.91,0.636427935,691900,0.0,1.0
2002-10-18,8.2,10.3,8.2,9.56,0.68285646,1778900,0.0,1.0
2002-10-17,6.61,8.2,6.6,7.7,0.54999945,534400,0.0,1.0
2002-10-16,7.41,7.46,6.2,6.43,0.459285255,414300,0.0,1.0
2002-10-15,7.6,8.2,7.59,7.7,0.54999945,294700,0.0,1.0
2002-10-14,6.5,7.49,6.49,7.48,0.53428518,376600,0.0,1.0
2002-10-11,7.12,7.4,6.25,6.59,0.470713815,948700,0.0,1.0
2002-10-10,5.29,7.35,4.85,7.09,0.506428065,969800,0.0,1.0
2002-10-09,5.74,5.75,4.86,5.22,0.37285677,427300,0.0,1.0
2002-10-08,5.75,5.99,5.47,5.67,0.404999595,323700,0.0,1.0
2002-10-07,6.3,6.42,5.35,5.77,0.412142445,1123200,0.0,1.0
2002-10-04,7.25,7.44,6.26,6.563,0.4687852455,602400,0.0,1.0
2002-10-03,7.97,7.98,6.85,7.251,0.5179280535,697500,0.0,1.0
2002-10-02,9.64,9.64,7.85,8.1,0.57857085,665300,0.0,1.0
2002-10-01,9.93,9.94,9.25,9.5,0.67857075,275000,0.0,1.0
2002-09-30,9.9,10.1,9.65,9.7,0.69285645,345500,0.0,1.0
2002-09-27,10.87,10.98,9.972,10.08,0.71999928,364700,0.0,1.0
2002-09-26,10.48,10.97,10.2,10.97,0.783570645,297300,0.0,1.0
2002-09-25,10.15,10.5,9.91,10.25,0.732142125,104100,0.0,1.0
2002-09-24,9.96,10.15,9.65,10.05,0.717856425,267700,0.0,1.0
2002-09-23,10.0,10.25,9.881,9.961,0.7114992885,345700,0.0,1.0
2002-09-20,10.55,10.75,9.8,9.919,0.7084992915,248900,0.0,1.0
2002-09-19,10.99,11.0,10.05,10.14,0.72428499,355600,0.0,1.0
2002-09-18,11.71,11.78,10.99,11.03,0.787856355,108700,0.0,1.0
2002-09-17,12.1,12.1,11.55,11.98,0.85571343,204500,0.0,1.0
2002-09-16,12.49,12.49,11.94,12.0,0.857142,250900,0.0,1.0
2002-09-13,12.9,12.98,12.1,12.3,0.87857055,177500,0.0,1.0
2002-09-12,13.48,13.54,12.8,12.95,0.924999075,138800,0.0,1.0
2002-09-11,13.14,13.67,13.14,13.46,0.96142761,116400,0.0,1.0
2002-09-10,12.61,13.3,12.45,13.23,0.944999055,339000,0.0,1.0
2002-09-09,12.87,12.95,12.5,12.62,0.90142767,101400,0.0,1.0
2002-09-06,12.99,13.1,12.75,12.8,0.9142848,54500,0.0,1.0
2002-09-05,12.85,13.1,12.75,12.85,0.917856225,20400,0.0,1.0
2002-09-04,12.96,13.25,12.71,13.0,0.9285705,26700,0.0,1.0
2002-09-03,13.11,13.49,12.79,12.96,0.92571336,113800,0.0,1.0
2002-08-30,12.8,13.48,12.52,13.11,0.936427635,151500,0.0,1.0
2002-08-29,11.66,12.91,11.54,12.65,0.903570525,171100,0.0,1.0
2002-08-28,12.06,12.46,11.55,12.1,0.86428485,162500,0.0,1.0
2002-08-27,13.55,13.55,12.01,12.23,0.873570555,356000,0.0,1.0
2002-08-26,13.95,13.95,13.13,13.55,0.967856175,188900,0.0,1.0
2002-08-23,13.92,13.95,13.55,13.91,0.993570435,171900,0.0,1.0
2002-08-22,13.63,13.99,13.01,13.77,0.983570445,211700,0.0,1.0
2002-08-21,13.35,13.6,12.86,13.56,0.96857046,198500,0.0,1.0
2002-08-20,13.79,13.91,12.9,13.25,0.946427625,181400,0.0,1.0
2002-08-19,12.95,13.78,12.85,13.75,0.982141875,148200,0.0,1.0
2002-08-16,12.5,12.94,12.0,12.78,0.91285623,130600,0.0,1.0
2002-08-15,11.72,12.75,11.66,12.36,0.88285626,233100,0.0,1.0
2002-08-14,10.86,11.67,10.8,11.67,0.833570595,289100,0.0,1.0
2002-08-13,10.75,11.27,10.56,10.82,0.77285637,119800,0.0,1.0
2002-08-12,11.24,11.3,10.55,10.6,0.7571421,152200,0.0,1.0
2002-08-09,11.18,11.5,10.9,11.02,0.78714207,107200,0.0,1.0
2002-08-08,11.15,11.25,10.51,11.15,0.796427775,163100,0.0,1.0
2002-08-07,10.65,11.11,10.4,11.11,0.793570635,197000,0.0,1.0
2002-08-06,11.14,11.25,10.4,10.65,0.760713525,229800,0.0,1.0
2002-08-05,10.9,11.38,10.65,10.85,0.774999225,272000,0.0,1.0
2002-08-02,12.41,12.43,9.89,10.89,0.777856365,475400,0.0,1.0
2002-08-01,13.3,13.44,12.29,12.48,0.89142768,323500,0.0,1.0
2002-07-31,13.0,13.44,12.68,13.35,0.953570475,238100,0.0,1.0
2002-07-30,12.51,13.2,12.51,12.8,0.9142848,269800,0.0,1.0
2002-07-29,12.55,12.94,11.9,12.27,0.876427695,232900,0.0,1.0
2002-07-26,14.7,14.82,11.9,12.2,0.8714277,503300,0.0,1.0
2002-07-25,15.75,15.79,14.49,14.51,1.036427535,339700,0.0,1.0
2002-07-24,16.05,16.23,15.04,15.6,1.1142846,239700,0.0,1.0
2002-07-23,16.47,16.99,15.83,16.05,1.146427425,112700,0.0,1.0
2002-07-22,15.9,16.51,15.62,16.39,1.170713115,142400,0.0,1.0
2002-07-19,16.14,16.25,15.71,16.24,1.15999884,128000,0.0,1.0
2002-07-18,15.64,16.33,15.55,16.09,1.149284565,207100,0.0,1.0
2002-07-17,16.03,16.29,15.06,15.25,1.089284625,90100,0.0,1.0
2002-07-16,16.14,16.2,15.46,15.77,1.126427445,138700,0.0,1.0
2002-07-15,17.4,17.48,15.07,16.0,1.142856,302800,0.0,1.0
2002-07-12,17.9,17.92,16.9,16.91,1.207855935,202700,0.0,1.0
2002-07-11,16.16,17.9,15.86,17.77,1.269284445,180700,0.0,1.0
2002-07-10,16.26,16.5,15.85,16.29,1.163570265,111000,0.0,1.0
2002-07-09,16.45,16.75,15.6,16.25,1.160713125,209700,0.0,1.0
2002-07-08,17.53,17.53,16.35,16.46,1.17571311,139500,0.0,1.0
2002-07-05,17.0,18.19,16.99,17.87,1.276427295,143100,0.0,1.0
2002-07-03,16.5,17.0,15.65,17.0,1.2142845,354100,0.0,1.0
2002-07-02,14.75,16.74,14.55,16.42,1.17285597,644300,0.0,1.0
2002-07-01,14.0,14.65,13.9,14.39,1.027856115,327500,0.0,1.0
2002-06-28,13.45,14.19,13.45,13.99,0.999284715,659600,0.0,1.0
2002-06-27,14.13,14.26,13.21,13.21,0.943570485,272700,0.0,1.0
2002-06-26,13.49,13.95,12.9,13.84,0.98857044,208900,0.0,1.0
2002-06-25,13.84,14.1,13.26,13.5,0.96428475,281500,0.0,1.0
2002-06-24,13.71,14.2,13.4,13.7,0.97857045,183400,0.0,1.0
2002-06-21,13.75,13.85,13.27,13.71,0.979284735,167600,0.0,1.0
2002-06-20,13.6,14.56,13.3,13.4,0.9571419,436500,0.0,1.0
2002-06-19,12.76,13.95,12.5,13.32,0.95142762,391600,0.0,1.0
2002-06-18,13.14,13.15,11.79,12.75,0.910713375,772000,0.0,1.0
2002-06-17,14.19,14.83,12.85,12.91,0.922141935,346800,0.0,1.0
2002-06-14,15.15,15.2,13.72,13.81,0.986427585,341700,0.0,1.0
2002-06-13,15.46,15.71,15.12,15.16,1.08285606,183400,0.0,1.0
2002-06-12,16.15,16.55,15.25,15.3,1.09285605,128500,0.0,1.0
2002-06-11,16.19,16.64,15.8,16.15,1.153570275,71700,0.0,1.0
2002-06-10,15.89,16.45,15.89,16.19,1.156427415,34600,0.0,1.0
2002-06-07,16.49,16.49,15.45,15.66,1.11857031,97800,0.0,1.0
2002-06-06,16.1,17.25,16.08,16.55,1.182141675,164700,0.0,1.0
2002-06-05,15.55,16.23,15.5,16.06,1.14714171,109400,0.0,1.0
2002-06-04,15.9,15.96,15.55,15.65,1.117856025,221800,0.0,1.0
2002-06-03,15.12,16.09,15.07,15.8,1.1285703,225100,0.0,1.0
2002-05-31,15.1,15.1,15.0,15.07,1.076427495,604600,0.0,1.0
2002-05-30,15.51,15.51,15.0,15.0,1.0714275,725300,0.0,1.0
2002-05-29,16.3,16.3,15.2,15.45,1.103570325,482700,0.0,1.0
2002-05-28,16.99,17.25,16.2,16.2,1.1571417,472100,0.0,1.0
2002-05-24,17.0,17.15,16.76,16.94,1.20999879,793200,0.0,1.0
2002-05-23,16.19,17.4,16.04,16.75,1.196427375,7485000,0.0,1.0
